appName,inputDataSize,sparkDriverCores,sparkDriverMemory,sparkExecutorMemory,sparkReducerMaxSizeInFlight,sparkShuffleCompress,sparkShuffleFileBuffer,sparkShuffleSpillCompress,sparkIoCompressionCodec,sparkRddCompress,sparkMemoryFraction,sparkExecutorCores,sparkDefaultParallelism,sparkLocalityWait,sparkTaskCpus,sparkExecutorInstances,sparkMemoryStorageFraction,duration
WordCount,1,2,2g,4g,48m,FALSE,64k,TRUE,lz4,FALSE,0.6,2,128,3s,1,4,0.5,334155
WordCount,1,4,1g,8g,48m,FALSE,64k,TRUE,lz4,FALSE,0.6,1,256,3s,1,2,0.5,399406
WordCount,1,1,4g,2g,48m,TRUE,64k,TRUE,lz4,FALSE,0.6,4,64,3s,1,8,0.3,154300
WordCount,1,2,2g,4g,48m,FALSE,64k,TRUE,lz4,FALSE,0.6,2,128,3s,1,4,0.3,128701
WordCount,1,4,4g,1g,48m,TRUE,64k,TRUE,lz4,FALSE,0.6,4,16,3s,1,2,0.5,170801
WordCount,1,2,1g,2g,48m,TRUE,64k,TRUE,lz4,FALSE,0.6,1,64,3s,1,8,0.5,169619
WordCount,1,1,2g,8g,48m,FALSE,64k,TRUE,lz4,FALSE,0.6,2,256,3s,1,4,0.3,124360
WordCount,1,1,1g,2g,48m,FALSE,64k,TRUE,lz4,FALSE,0.6,4,256,3s,1,2,0.5,112487
WordCount,1,4,4g,8g,48m,TRUE,64k,TRUE,lz4,FALSE,0.6,1,64,3s,1,8,0.3,246327
WordCount,1,4,1g,4g,48m,TRUE,64k,TRUE,lz4,FALSE,0.6,4,16,3s,1,4,0.3,82527
WordCount,1,2,2g,1g,48m,FALSE,64k,TRUE,lz4,FALSE,0.6,2,128,3s,1,8,0.5,101859
WordCount,1,1,1g,8g,48m,TRUE,64k,TRUE,lz4,FALSE,0.6,4,64,3s,1,4,0.5,69137
WordCount,1,4,4g,2g,48m,FALSE,64k,TRUE,lz4,FALSE,0.6,1,256,3s,1,2,0.3,143004
WordCount,1,2,2g,1g,48m,FALSE,64k,TRUE,lz4,FALSE,0.6,2,128,3s,1,8,0.3,101959
WordCount,1,1,4g,4g,48m,TRUE,64k,TRUE,lz4,FALSE,0.6,1,16,3s,1,2,0.5,95692
WordCount,1,1,2g,8g,48m,TRUE,64k,TRUE,lz4,FALSE,0.6,2,256,3s,1,8,0.5,106595
WordCount,1,2,4g,2g,48m,FALSE,64k,TRUE,lz4,FALSE,0.6,4,64,3s,1,2,0.3,69273
WordCount,1,4,1g,1g,48m,FALSE,64k,TRUE,lz4,FALSE,0.6,1,16,3s,1,4,0.3,103648
WordCount,1,2,4g,4g,48m,TRUE,64k,TRUE,lz4,FALSE,0.6,2,128,3s,1,2,0.5,79490
WordCount,1,2,1g,2g,48m,FALSE,64k,TRUE,lz4,FALSE,0.6,1,64,3s,1,4,0.5,89485
WordCount,1,4,2g,8g,48m,TRUE,64k,TRUE,lz4,FALSE,0.6,2,256,3s,1,8,0.3,107686
WordCount,1,4,2g,4g,48m,TRUE,64k,TRUE,lz4,FALSE,0.6,1,128,3s,1,2,0.3,113928
WordCount,1,1,4g,1g,48m,FALSE,64k,TRUE,lz4,FALSE,0.6,4,16,3s,1,4,0.5,79568
WordCount,1,1,1g,4g,48m,FALSE,64k,TRUE,lz4,FALSE,0.6,4,16,3s,1,8,0.3,88336
WordCount,1,2,2g,1g,48m,TRUE,64k,TRUE,lz4,FALSE,0.6,2,128,3s,1,4,0.5,88684
WordCount,1,4,2g,2g,48m,TRUE,64k,TRUE,lz4,FALSE,0.6,2,256,3s,1,8,0.5,109793
WordCount,1,2,4g,8g,48m,FALSE,64k,TRUE,lz4,FALSE,0.6,1,64,3s,1,2,0.3,120882
WordCount,1,1,1g,1g,48m,TRUE,64k,TRUE,lz4,FALSE,0.6,4,128,3s,1,4,0.3,74468
WordCount,1,4,4g,4g,48m,FALSE,64k,TRUE,lz4,FALSE,0.6,1,16,3s,1,8,0.5,110777
WordCount,1,2,1g,8g,48m,FALSE,64k,TRUE,lz4,FALSE,0.6,4,64,3s,1,2,0.5,81887
WordCount,1,1,2g,2g,48m,TRUE,64k,TRUE,lz4,FALSE,0.6,2,256,3s,1,4,0.3,94994
WordCount,1,1,1g,4g,48m,FALSE,64k,TRUE,lz4,FALSE,0.6,1,16,3s,1,2,0.3,114473
WordCount,1,2,4g,1g,48m,TRUE,64k,TRUE,lz4,FALSE,0.6,4,128,3s,1,4,0.5,94106
WordCount,1,4,1g,2g,48m,TRUE,64k,TRUE,lz4,FALSE,0.6,2,256,3s,1,4,0.5,96588
WordCount,1,1,2g,8g,48m,FALSE,64k,TRUE,lz4,FALSE,0.6,4,64,3s,1,8,0.3,118676
WordCount,1,2,1g,1g,48m,TRUE,64k,TRUE,lz4,FALSE,0.6,1,128,3s,1,8,0.3,153862
WordCount,1,4,2g,4g,48m,FALSE,64k,TRUE,lz4,FALSE,0.6,4,16,3s,1,2,0.5,147721
WordCount,1,4,2g,8g,48m,FALSE,64k,TRUE,lz4,FALSE,0.6,1,64,3s,1,8,0.5,327130
WordCount,1,1,4g,2g,48m,TRUE,64k,TRUE,lz4,FALSE,0.6,2,256,3s,1,4,0.3,127466
WordCount,1,1,1g,8g,48m,TRUE,64k,TRUE,lz4,FALSE,0.6,2,256,3s,1,2,0.5,178964
WordCount,1,4,2g,2g,48m,FALSE,64k,TRUE,lz4,FALSE,0.6,1,64,3s,1,8,0.3,312502
WordCount,1,4,1g,1g,48m,FALSE,64k,TRUE,lz4,FALSE,0.6,4,16,3s,1,4,0.3,179561
WordCount,1,2,4g,4g,48m,TRUE,64k,TRUE,lz4,FALSE,0.6,1,128,3s,1,8,0.5,274522
WordCount,1,2,2g,2g,48m,FALSE,64k,TRUE,lz4,FALSE,0.6,4,64,3s,1,4,0.5,209045
WordCount,1,4,4g,8g,48m,TRUE,64k,TRUE,lz4,FALSE,0.6,2,256,3s,1,2,0.3,259649
WordCount,1,2,1g,4g,48m,TRUE,64k,TRUE,lz4,FALSE,0.6,2,128,3s,1,8,0.3,269344
WordCount,1,1,4g,1g,48m,FALSE,64k,TRUE,lz4,FALSE,0.6,1,16,3s,1,2,0.5,156471
WordCount,1,1,1g,2g,48m,FALSE,64k,TRUE,lz4,FALSE,0.6,2,256,3s,1,8,0.5,131921
WordCount,1,2,4g,8g,48m,TRUE,64k,TRUE,lz4,FALSE,0.6,4,64,3s,1,2,0.3,67461
WordCount,1,4,2g,4g,48m,TRUE,64k,TRUE,lz4,FALSE,0.6,1,16,3s,1,4,0.3,145956
WordCount,1,1,4g,1g,48m,FALSE,64k,TRUE,lz4,FALSE,0.6,2,128,3s,1,2,0.5,115360
WordCount,1,2,2g,8g,48m,TRUE,64k,TRUE,lz4,FALSE,0.6,1,64,3s,1,4,0.5,95438
WordCount,1,4,4g,2g,48m,FALSE,64k,TRUE,lz4,FALSE,0.6,4,256,3s,1,8,0.3,403070
WordCount,1,4,1g,1g,48m,FALSE,64k,TRUE,lz4,FALSE,0.6,2,128,3s,1,2,0.3,164908
WordCount,1,1,2g,4g,48m,TRUE,64k,TRUE,lz4,FALSE,0.6,4,16,3s,1,8,0.5,156322
WordCount,1,1,2g,1g,48m,TRUE,64k,TRUE,lz4,FALSE,0.6,4,16,3s,1,8,0.3,115354
WordCount,1,2,4g,4g,48m,FALSE,64k,TRUE,lz4,FALSE,0.6,2,128,3s,1,4,0.5,234678
WordCount,1,4,1g,8g,48m,FALSE,64k,TRUE,lz4,FALSE,0.6,4,256,3s,1,4,0.5,175453
WordCount,1,2,4g,2g,48m,TRUE,64k,TRUE,lz4,FALSE,0.6,1,64,3s,1,2,0.3,138583
WordCount,1,1,1g,4g,48m,FALSE,64k,TRUE,lz4,FALSE,0.6,2,128,3s,1,2,0.3,107491
WordCount,1,4,2g,1g,48m,TRUE,64k,TRUE,lz4,FALSE,0.6,1,16,3s,1,8,0.5,160053
WordCount,1,2,1g,2g,48m,TRUE,64k,TRUE,lz4,FALSE,0.6,4,64,3s,1,2,0.5,84869
WordCount,1,1,4g,8g,48m,FALSE,64k,TRUE,lz4,FALSE,0.6,1,256,3s,1,4,0.3,120515
WordCount,1,1,2g,2g,48m,TRUE,64k,TRUE,lz4,FALSE,0.6,4,128,3s,1,4,0.3,89857
WordCount,1,2,4g,8g,48m,FALSE,64k,TRUE,lz4,FALSE,0.6,1,16,3s,1,2,0.5,137259
WordCount,1,4,1g,4g,48m,FALSE,64k,TRUE,lz4,FALSE,0.6,4,64,3s,1,8,0.5,144855
WordCount,1,1,2g,1g,48m,TRUE,64k,TRUE,lz4,FALSE,0.6,2,256,3s,1,2,0.3,147402
WordCount,1,2,1g,8g,48m,FALSE,64k,TRUE,lz4,FALSE,0.6,4,16,3s,1,2,0.3,99575
WordCount,1,4,2g,2g,48m,TRUE,64k,TRUE,lz4,FALSE,0.6,1,128,3s,1,4,0.5,255348
WordCount,1,2,1g,1g,48m,TRUE,64k,TRUE,lz4,FALSE,0.6,2,256,3s,1,4,0.5,438631
WordCount,1,1,4g,4g,48m,FALSE,64k,TRUE,lz4,FALSE,0.6,1,64,3s,1,8,0.3,468864
WordCount,1,1,1g,1g,48m,FALSE,64k,TRUE,lz4,FALSE,0.6,1,64,3s,1,8,0.5,157414
WordCount,1,4,4g,4g,48m,TRUE,64k,TRUE,lz4,FALSE,0.6,2,256,3s,1,2,0.3,133808
WordCount,1,4,2g,8g,48m,TRUE,64k,TRUE,lz4,FALSE,0.6,2,128,3s,1,8,0.3,139963
WordCount,1,2,4g,2g,48m,FALSE,64k,TRUE,lz4,FALSE,0.6,4,16,3s,1,4,0.5,132026
WordCount,1,2,2g,4g,48m,TRUE,64k,TRUE,lz4,FALSE,0.6,2,256,3s,1,2,0.5,151358
WordCount,1,4,4g,1g,48m,FALSE,64k,TRUE,lz4,FALSE,0.6,4,64,3s,1,4,0.3,119953
WordCount,1,2,1g,2g,48m,FALSE,64k,TRUE,lz4,FALSE,0.6,1,16,3s,1,2,0.3,156796
WordCount,1,1,2g,8g,48m,TRUE,64k,TRUE,lz4,FALSE,0.6,4,128,3s,1,8,0.5,152966
WordCount,1,1,1g,4g,48m,TRUE,64k,TRUE,lz4,FALSE,0.6,4,64,3s,1,2,0.5,82527
WordCount,1,2,2g,1g,48m,FALSE,64k,TRUE,lz4,FALSE,0.6,1,256,3s,1,8,0.3,336824
WordCount,1,4,2g,2g,48m,FALSE,64k,TRUE,lz4,FALSE,0.6,2,128,3s,1,2,0.3,111585
WordCount,1,2,4g,8g,48m,TRUE,64k,TRUE,lz4,FALSE,0.6,1,16,3s,1,4,0.5,422173
WordCount,1,2,2g,1g,48m,FALSE,64k,TRUE,lz4,FALSE,0.6,2,256,3s,1,8,0.5,255488
WordCount,1,4,4g,4g,48m,TRUE,64k,TRUE,lz4,FALSE,0.6,1,64,3s,1,4,0.3,137197
WordCount,1,4,1g,8g,48m,TRUE,64k,TRUE,lz4,FALSE,0.6,4,16,3s,1,4,0.3,194728
WordCount,1,1,4g,2g,48m,FALSE,64k,TRUE,lz4,FALSE,0.6,2,128,3s,1,2,0.5,279577
WordCount,1,1,1g,8g,48m,FALSE,64k,TRUE,lz4,FALSE,0.6,2,128,3s,1,4,0.3,166061
WordCount,1,4,4g,2g,48m,TRUE,64k,TRUE,lz4,FALSE,0.6,4,16,3s,1,8,0.5,409255
WordCount,1,4,1g,1g,48m,TRUE,64k,TRUE,lz4,FALSE,0.6,1,64,3s,1,2,0.5,312388
WordCount,1,2,2g,4g,48m,FALSE,64k,TRUE,lz4,FALSE,0.6,4,256,3s,1,8,0.3,589954
WordCount,1,1,1g,2g,48m,TRUE,64k,TRUE,lz4,FALSE,0.6,1,16,3s,1,8,0.3,388953
WordCount,1,4,4g,8g,48m,FALSE,64k,TRUE,lz4,FALSE,0.6,2,128,3s,1,4,0.5,153817
WordCount,1,2,2g,4g,48m,FALSE,64k,TRUE,lz4,FALSE,0.6,2,256,3s,1,4,0.5,188675
WordCount,1,1,4g,1g,48m,TRUE,64k,TRUE,lz4,FALSE,0.6,4,64,3s,1,2,0.3,214990
WordCount,1,1,1g,8g,48m,FALSE,64k,TRUE,lz4,FALSE,0.6,2,128,3s,1,4,0.3,101458
WordCount,1,2,2g,2g,48m,TRUE,64k,TRUE,lz4,FALSE,0.6,1,16,3s,1,2,0.5,219956
WordCount,1,4,2g,1g,48m,TRUE,64k,TRUE,lz4,FALSE,0.6,4,64,3s,1,8,0.5,372094
WordCount,1,1,4g,4g,48m,FALSE,64k,TRUE,lz4,FALSE,0.6,2,256,3s,1,4,0.3,201105
WordCount,1,2,1g,2g,48m,TRUE,64k,TRUE,lz4,FALSE,0.6,4,16,3s,1,2,0.3,212977
WordCount,1,4,4g,8g,48m,FALSE,64k,TRUE,lz4,FALSE,0.6,2,128,3s,1,8,0.5,238852
WordCount,1,2,1g,4g,48m,FALSE,64k,TRUE,lz4,FALSE,0.6,4,256,3s,1,4,0.5,536950
WordCount,1,1,2g,1g,48m,TRUE,64k,TRUE,lz4,FALSE,0.6,1,64,3s,1,8,0.3,278033
WordCount,1,1,2g,4g,48m,TRUE,64k,TRUE,lz4,FALSE,0.6,1,64,3s,1,8,0.5,643371
WordCount,1,4,4g,1g,48m,FALSE,64k,TRUE,lz4,FALSE,0.6,2,256,3s,1,2,0.3,295436
WordCount,1,4,1g,2g,48m,FALSE,64k,TRUE,lz4,FALSE,0.6,2,128,3s,1,8,0.3,160016
WordCount,1,2,4g,8g,48m,TRUE,64k,TRUE,lz4,FALSE,0.6,4,16,3s,1,4,0.5,105312
WordCount,1,2,1g,1g,48m,FALSE,64k,TRUE,lz4,FALSE,0.6,1,256,3s,1,2,0.5,156006
WordCount,1,4,2g,4g,48m,TRUE,64k,TRUE,lz4,FALSE,0.6,4,64,3s,1,4,0.3,103950
WordCount,1,2,1g,8g,48m,TRUE,64k,TRUE,lz4,FALSE,0.6,1,16,3s,1,2,0.3,110477
WordCount,1,1,4g,2g,48m,FALSE,64k,TRUE,lz4,FALSE,0.6,2,128,3s,1,8,0.5,127308
WordCount,1,1,2g,1g,48m,FALSE,64k,TRUE,lz4,FALSE,0.6,4,64,3s,1,4,0.5,133096
WordCount,1,2,4g,4g,48m,TRUE,64k,TRUE,lz4,FALSE,0.6,2,256,3s,1,8,0.3,175970
WordCount,1,4,1g,8g,48m,TRUE,64k,TRUE,lz4,FALSE,0.6,4,128,3s,1,2,0.3,200142
WordCount,1,1,2g,2g,48m,FALSE,64k,TRUE,lz4,FALSE,0.6,1,16,3s,1,4,0.5,142270
WordCount,1,2,1g,4g,48m,TRUE,64k,TRUE,lz4,FALSE,0.6,2,256,3s,1,8,0.5,240511
WordCount,1,4,4g,1g,48m,FALSE,64k,TRUE,lz4,FALSE,0.6,1,64,3s,1,4,0.3,139035
WordCount,1,4,2g,2g,48m,FALSE,64k,TRUE,lz4,FALSE,0.6,4,16,3s,1,8,0.3,89436
WordCount,1,1,4g,8g,48m,TRUE,64k,TRUE,lz4,FALSE,0.6,1,128,3s,1,2,0.5,116900
WordCount,1,1,1g,2g,48m,TRUE,64k,TRUE,lz4,FALSE,0.6,1,128,3s,1,4,0.3,95346
WordCount,1,2,2g,8g,48m,FALSE,64k,TRUE,lz4,FALSE,0.6,4,16,3s,1,8,0.5,87686
WordCount,1,4,1g,4g,48m,FALSE,64k,TRUE,lz4,FALSE,0.6,1,64,3s,1,2,0.5,128570
WordCount,1,2,4g,1g,48m,TRUE,64k,TRUE,lz4,FALSE,0.6,2,256,3s,1,4,0.3,113360
WordCount,1,1,2g,8g,48m,FALSE,64k,TRUE,lz4,FALSE,0.6,1,16,3s,1,8,0.3,164858
WordCount,1,4,4g,2g,48m,TRUE,64k,TRUE,lz4,FALSE,0.6,2,128,3s,1,2,0.5,82931
WordCount,1,2,1g,1g,48m,TRUE,64k,TRUE,lz4,FALSE,0.6,2,256,3s,1,4,0.5,84435
WordCount,1,1,2g,4g,48m,FALSE,64k,TRUE,lz4,FALSE,0.6,4,64,3s,1,2,0.3,68555
WordCount,1,1,1g,8g,48m,TRUE,64k,TRUE,lz4,FALSE,0.6,2,16,3s,1,8,0.3,100950
WordCount,1,2,4g,2g,48m,FALSE,64k,TRUE,lz4,FALSE,0.6,1,128,3s,1,2,0.5,346429
WordCount,1,4,1g,1g,48m,FALSE,64k,TRUE,lz4,FALSE,0.6,4,256,3s,1,4,0.5,120110
WordCount,1,1,2g,4g,48m,TRUE,64k,TRUE,lz4,FALSE,0.6,1,64,3s,1,2,0.3,533878
WordCount,1,2,1g,2g,48m,FALSE,64k,TRUE,lz4,FALSE,0.6,4,128,3s,1,4,0.3,220949
WordCount,1,4,4g,8g,48m,TRUE,64k,TRUE,lz4,FALSE,0.6,2,16,3s,1,8,0.5,204158
WordCount,1,2,2g,4g,48m,TRUE,64k,TRUE,lz4,FALSE,0.6,4,64,3s,1,2,0.5,170643
WordCount,1,1,4g,1g,48m,FALSE,64k,TRUE,lz4,FALSE,0.6,1,256,3s,1,4,0.3,141735
WordCount,1,1,1g,4g,48m,FALSE,64k,TRUE,lz4,FALSE,0.6,1,256,3s,1,8,0.5,407179
WordCount,1,4,2g,1g,48m,TRUE,64k,TRUE,lz4,FALSE,0.6,2,64,3s,1,4,0.3,464945
WordCount,1,4,1g,2g,48m,TRUE,64k,TRUE,lz4,FALSE,0.6,2,16,3s,1,8,0.3,435534
WordCount,1,2,4g,8g,48m,FALSE,64k,TRUE,lz4,FALSE,0.6,4,128,3s,1,2,0.5,162954
WordCount,1,1,2g,1g,48m,TRUE,64k,TRUE,lz4,FALSE,0.6,1,64,3s,1,2,0.5,203851
WordCount,1,4,4g,4g,48m,FALSE,64k,TRUE,lz4,FALSE,0.6,4,256,3s,1,8,0.3,176336
WordCount,1,2,1g,8g,48m,FALSE,64k,TRUE,lz4,FALSE,0.6,1,128,3s,1,2,0.3,249988
WordCount,1,1,2g,2g,48m,TRUE,64k,TRUE,lz4,FALSE,0.6,2,16,3s,1,4,0.5,272302
WordCount,1,1,1g,1g,48m,TRUE,64k,TRUE,lz4,FALSE,0.6,4,256,3s,1,2,0.5,198812
WordCount,1,2,4g,4g,48m,FALSE,64k,TRUE,lz4,FALSE,0.6,2,64,3s,1,4,0.3,225735
WordCount,1,4,2g,8g,48m,FALSE,64k,TRUE,lz4,FALSE,0.6,4,16,3s,1,2,0.3,377292
WordCount,1,2,4g,2g,48m,TRUE,64k,TRUE,lz4,FALSE,0.6,1,128,3s,1,8,0.5,309859
WordCount,1,2,1g,4g,48m,FALSE,64k,TRUE,lz4,FALSE,0.6,2,64,3s,1,8,0.5,352770
WordCount,1,4,4g,1g,48m,TRUE,64k,TRUE,lz4,FALSE,0.6,1,256,3s,1,2,0.3,453128
WordCount,1,4,1g,2g,48m,TRUE,64k,TRUE,lz4,FALSE,0.6,4,128,3s,1,8,0.3,190783
WordCount,1,1,2g,8g,48m,FALSE,64k,TRUE,lz4,FALSE,0.6,2,16,3s,1,4,0.5,170107
WordCount,1,1,2g,2g,48m,FALSE,64k,TRUE,lz4,FALSE,0.6,1,16,3s,1,2,0.3,238456
WordCount,1,4,4g,8g,48m,TRUE,64k,TRUE,lz4,FALSE,0.6,4,128,3s,1,8,0.5,238722
WordCount,1,4,1g,4g,48m,TRUE,64k,TRUE,lz4,FALSE,0.6,1,256,3s,1,4,0.5,208228
WordCount,1,2,4g,1g,48m,FALSE,64k,TRUE,lz4,FALSE,0.6,2,64,3s,1,8,0.3,479409
WordCount,1,1,1g,8g,48m,TRUE,64k,TRUE,lz4,FALSE,0.6,1,128,3s,1,4,0.3,334573
WordCount,1,4,2g,2g,48m,FALSE,64k,TRUE,lz4,FALSE,0.6,2,16,3s,1,2,0.5,90345
WordCount,1,2,2g,1g,48m,FALSE,64k,TRUE,lz4,FALSE,0.6,2,64,3s,1,8,0.5,226051
WordCount,1,1,4g,4g,48m,TRUE,64k,TRUE,lz4,FALSE,0.6,4,256,3s,1,4,0.3,405358
WordCount,1,1,1g,2g,48m,FALSE,64k,TRUE,lz4,FALSE,0.6,2,16,3s,1,8,0.3,211584
WordCount,1,2,2g,8g,48m,TRUE,64k,TRUE,lz4,FALSE,0.6,1,128,3s,1,4,0.5,211420
WordCount,1,4,1g,4g,48m,TRUE,64k,TRUE,lz4,FALSE,0.6,4,256,3s,1,4,0.5,166360
WordCount,1,1,4g,1g,48m,FALSE,64k,TRUE,lz4,FALSE,0.6,2,64,3s,1,2,0.3,164192
WordCount,1,2,2g,8g,48m,TRUE,64k,TRUE,lz4,FALSE,0.6,4,128,3s,1,4,0.3,252797
WordCount,1,4,4g,2g,48m,FALSE,64k,TRUE,lz4,FALSE,0.6,1,16,3s,1,8,0.5,673156
WordCount,1,4,1g,1g,48m,FALSE,64k,TRUE,lz4,FALSE,0.6,2,64,3s,1,2,0.5,148208
WordCount,1,1,4g,4g,48m,TRUE,64k,TRUE,lz4,FALSE,0.6,1,256,3s,1,8,0.3,239195
WordCount,1,1,1g,1g,48m,TRUE,64k,TRUE,lz4,FALSE,0.6,1,256,3s,1,8,0.5,357094
WordCount,1,4,4g,4g,48m,FALSE,64k,TRUE,lz4,FALSE,0.6,2,64,3s,1,4,0.3,333452
WordCount,1,4,1g,8g,48m,FALSE,64k,TRUE,lz4,FALSE,0.6,1,16,3s,1,8,0.3,132098
WordCount,1,2,2g,2g,48m,TRUE,64k,TRUE,lz4,FALSE,0.6,4,128,3s,1,2,0.5,121181
WordCount,1,2,1g,4g,48m,FALSE,64k,TRUE,lz4,FALSE,0.6,2,64,3s,1,2,0.5,262620
WordCount,1,4,2g,1g,48m,TRUE,64k,TRUE,lz4,FALSE,0.6,4,256,3s,1,8,0.3,319676
WordCount,1,2,2g,2g,48m,TRUE,64k,TRUE,lz4,FALSE,0.6,1,128,3s,1,2,0.3,128270
WordCount,1,1,4g,8g,48m,FALSE,64k,TRUE,lz4,FALSE,0.6,4,16,3s,1,4,0.5,88471
WordCount,1,1,2g,4g,48m,FALSE,64k,TRUE,lz4,FALSE,0.6,4,256,3s,1,2,0.5,86420
WordCount,1,2,4g,1g,48m,TRUE,64k,TRUE,lz4,FALSE,0.6,1,64,3s,1,4,0.3,105832
WordCount,1,4,1g,2g,48m,TRUE,64k,TRUE,lz4,FALSE,0.6,2,16,3s,1,4,0.3,138999
WordCount,1,2,2g,8g,48m,FALSE,64k,TRUE,lz4,FALSE,0.6,1,128,3s,1,8,0.5,160799
WordCount,1,2,1g,1g,48m,TRUE,64k,TRUE,lz4,FALSE,0.6,4,64,3s,1,8,0.5,200784
WordCount,1,4,2g,4g,48m,FALSE,64k,TRUE,lz4,FALSE,0.6,1,256,3s,1,2,0.3,190946
WordCount,1,4,1g,8g,48m,FALSE,64k,TRUE,lz4,FALSE,0.6,4,128,3s,1,8,0.3,139238
WordCount,1,1,4g,2g,48m,TRUE,64k,TRUE,lz4,FALSE,0.6,2,16,3s,1,4,0.5,148338
WordCount,1,1,1g,8g,48m,TRUE,64k,TRUE,lz4,FALSE,0.6,2,16,3s,1,2,0.3,97318
WordCount,1,2,4g,2g,48m,FALSE,64k,TRUE,lz4,FALSE,0.6,4,128,3s,1,4,0.5,92960
WordCount,1,4,2g,1g,48m,FALSE,64k,TRUE,lz4,FALSE,0.6,1,256,3s,1,4,0.5,123989
WordCount,1,2,4g,4g,48m,TRUE,64k,TRUE,lz4,FALSE,0.6,4,64,3s,1,8,0.3,427816
WordCount,1,1,2g,2g,48m,FALSE,64k,TRUE,lz4,FALSE,0.6,1,128,3s,1,4,0.3,265637
WordCount,1,4,4g,8g,48m,TRUE,64k,TRUE,lz4,FALSE,0.6,2,16,3s,1,2,0.5,268408
WordCount,1,2,1g,4g,48m,TRUE,64k,TRUE,lz4,FALSE,0.6,2,64,3s,1,8,0.5,226651
WordCount,1,1,2g,1g,48m,FALSE,64k,TRUE,lz4,FALSE,0.6,4,256,3s,1,2,0.3,150080
WordCount,1,1,1g,4g,48m,TRUE,64k,TRUE,lz4,FALSE,0.6,1,128,3s,1,2,0.3,239867
WordCount,1,2,4g,1g,48m,FALSE,64k,TRUE,lz4,FALSE,0.6,4,16,3s,1,8,0.5,188161
WordCount,1,4,2g,2g,48m,FALSE,64k,TRUE,lz4,FALSE,0.6,2,64,3s,1,2,0.5,163801
WordCount,1,1,4g,8g,48m,TRUE,64k,TRUE,lz4,FALSE,0.6,4,256,3s,1,4,0.3,136252
WordCount,1,2,1g,1g,48m,FALSE,64k,TRUE,lz4,FALSE,0.6,2,16,3s,1,8,0.3,143290
WordCount,1,4,4g,4g,48m,TRUE,64k,TRUE,lz4,FALSE,0.6,4,128,3s,1,4,0.5,110814
WordCount,1,2,1g,8g,48m,TRUE,64k,TRUE,lz4,FALSE,0.6,1,256,3s,1,4,0.5,158444
WordCount,1,1,2g,2g,48m,FALSE,64k,TRUE,lz4,FALSE,0.6,2,64,3s,1,2,0.3,132571
WordCount,1,1,2g,8g,48m,FALSE,64k,TRUE,lz4,FALSE,0.6,2,64,3s,1,4,0.5,130535
WordCount,2,4,1g,8g,48m,FALSE,64k,TRUE,lz4,FALSE,0.6,1,256,3s,1,2,0.5,343448
WordCount,2,1,4g,2g,48m,TRUE,64k,TRUE,lz4,FALSE,0.6,4,64,3s,1,8,0.3,181893
WordCount,2,2,2g,4g,48m,FALSE,64k,TRUE,lz4,FALSE,0.6,2,128,3s,1,4,0.3,172952
WordCount,2,4,4g,1g,48m,TRUE,64k,TRUE,lz4,FALSE,0.6,4,16,3s,1,2,0.5,116678
WordCount,2,1,2g,8g,48m,FALSE,64k,TRUE,lz4,FALSE,0.6,2,256,3s,1,4,0.3,408297
WordCount,2,1,1g,2g,48m,FALSE,64k,TRUE,lz4,FALSE,0.6,4,256,3s,1,2,0.5,246279
WordCount,2,4,4g,8g,48m,TRUE,64k,TRUE,lz4,FALSE,0.6,1,64,3s,1,8,0.3,302473
WordCount,2,4,1g,4g,48m,TRUE,64k,TRUE,lz4,FALSE,0.6,4,16,3s,1,4,0.3,175222
WordCount,2,2,2g,1g,48m,FALSE,64k,TRUE,lz4,FALSE,0.6,2,128,3s,1,8,0.5,349301
WordCount,2,1,1g,8g,48m,TRUE,64k,TRUE,lz4,FALSE,0.6,4,64,3s,1,4,0.5,115745
WordCount,2,4,4g,2g,48m,FALSE,64k,TRUE,lz4,FALSE,0.6,1,256,3s,1,2,0.3,259577
WordCount,2,2,2g,1g,48m,FALSE,64k,TRUE,lz4,FALSE,0.6,2,128,3s,1,8,0.3,170987
WordCount,2,1,4g,4g,48m,TRUE,64k,TRUE,lz4,FALSE,0.6,1,16,3s,1,2,0.5,176458
WordCount,2,1,2g,8g,48m,TRUE,64k,TRUE,lz4,FALSE,0.6,2,256,3s,1,8,0.5,230407
WordCount,2,2,4g,2g,48m,FALSE,64k,TRUE,lz4,FALSE,0.6,4,64,3s,1,2,0.3,297602
WordCount,2,4,1g,1g,48m,FALSE,64k,TRUE,lz4,FALSE,0.6,1,16,3s,1,4,0.3,180669
WordCount,2,2,4g,4g,48m,TRUE,64k,TRUE,lz4,FALSE,0.6,2,128,3s,1,2,0.5,183786
WordCount,2,2,1g,2g,48m,FALSE,64k,TRUE,lz4,FALSE,0.6,1,64,3s,1,4,0.5,387775
WordCount,2,4,2g,8g,48m,TRUE,64k,TRUE,lz4,FALSE,0.6,2,256,3s,1,8,0.3,161978
WordCount,2,4,2g,4g,48m,TRUE,64k,TRUE,lz4,FALSE,0.6,1,128,3s,1,2,0.3,186361
WordCount,2,1,4g,1g,48m,FALSE,64k,TRUE,lz4,FALSE,0.6,4,16,3s,1,4,0.5,141245
WordCount,2,1,1g,4g,48m,FALSE,64k,TRUE,lz4,FALSE,0.6,4,16,3s,1,8,0.3,162413
WordCount,2,2,2g,1g,48m,TRUE,64k,TRUE,lz4,FALSE,0.6,2,128,3s,1,4,0.5,120004
WordCount,2,4,2g,2g,48m,TRUE,64k,TRUE,lz4,FALSE,0.6,2,256,3s,1,8,0.5,159309
WordCount,2,2,4g,8g,48m,FALSE,64k,TRUE,lz4,FALSE,0.6,1,64,3s,1,2,0.3,238314
WordCount,2,1,1g,1g,48m,TRUE,64k,TRUE,lz4,FALSE,0.6,4,128,3s,1,4,0.3,120246
WordCount,2,4,4g,4g,48m,FALSE,64k,TRUE,lz4,FALSE,0.6,1,16,3s,1,8,0.5,169195
WordCount,2,2,1g,8g,48m,FALSE,64k,TRUE,lz4,FALSE,0.6,4,64,3s,1,2,0.5,389739
WordCount,2,1,2g,2g,48m,TRUE,64k,TRUE,lz4,FALSE,0.6,2,256,3s,1,4,0.3,382399
WordCount,2,1,1g,4g,48m,FALSE,64k,TRUE,lz4,FALSE,0.6,1,16,3s,1,2,0.3,432299
WordCount,2,2,4g,1g,48m,TRUE,64k,TRUE,lz4,FALSE,0.6,4,128,3s,1,4,0.5,124727
WordCount,2,4,1g,2g,48m,TRUE,64k,TRUE,lz4,FALSE,0.6,2,256,3s,1,4,0.5,152160
WordCount,2,1,2g,8g,48m,FALSE,64k,TRUE,lz4,FALSE,0.6,4,64,3s,1,8,0.3,146524
WordCount,2,2,1g,1g,48m,TRUE,64k,TRUE,lz4,FALSE,0.6,1,128,3s,1,8,0.3,186470
WordCount,2,4,2g,4g,48m,FALSE,64k,TRUE,lz4,FALSE,0.6,4,16,3s,1,2,0.5,103940
WordCount,2,4,2g,8g,48m,FALSE,64k,TRUE,lz4,FALSE,0.6,1,64,3s,1,8,0.5,148812
WordCount,2,1,4g,2g,48m,TRUE,64k,TRUE,lz4,FALSE,0.6,2,256,3s,1,4,0.3,162895
WordCount,2,1,1g,8g,48m,TRUE,64k,TRUE,lz4,FALSE,0.6,2,256,3s,1,2,0.5,231683
WordCount,2,4,2g,2g,48m,FALSE,64k,TRUE,lz4,FALSE,0.6,1,64,3s,1,8,0.3,335184
WordCount,2,4,1g,1g,48m,FALSE,64k,TRUE,lz4,FALSE,0.6,4,16,3s,1,4,0.3,295429
WordCount,2,2,4g,4g,48m,TRUE,64k,TRUE,lz4,FALSE,0.6,1,128,3s,1,8,0.5,247829
WordCount,2,2,2g,2g,48m,FALSE,64k,TRUE,lz4,FALSE,0.6,4,64,3s,1,4,0.5,267938
WordCount,2,4,4g,8g,48m,TRUE,64k,TRUE,lz4,FALSE,0.6,2,256,3s,1,2,0.3,356939
WordCount,2,2,1g,4g,48m,TRUE,64k,TRUE,lz4,FALSE,0.6,2,128,3s,1,8,0.3,195994
WordCount,2,1,4g,1g,48m,FALSE,64k,TRUE,lz4,FALSE,0.6,1,16,3s,1,2,0.5,449698
WordCount,2,1,1g,2g,48m,FALSE,64k,TRUE,lz4,FALSE,0.6,2,256,3s,1,8,0.5,248554
WordCount,2,2,4g,8g,48m,TRUE,64k,TRUE,lz4,FALSE,0.6,4,64,3s,1,2,0.3,395857
WordCount,2,4,2g,4g,48m,TRUE,64k,TRUE,lz4,FALSE,0.6,1,16,3s,1,4,0.3,660625
WordCount,2,1,4g,1g,48m,FALSE,64k,TRUE,lz4,FALSE,0.6,2,128,3s,1,2,0.5,211508
WordCount,2,2,2g,8g,48m,TRUE,64k,TRUE,lz4,FALSE,0.6,1,64,3s,1,4,0.5,214289
WordCount,2,4,4g,2g,48m,FALSE,64k,TRUE,lz4,FALSE,0.6,4,256,3s,1,8,0.3,251225
WordCount,2,4,1g,1g,48m,FALSE,64k,TRUE,lz4,FALSE,0.6,2,128,3s,1,2,0.3,186837
WordCount,2,1,2g,4g,48m,TRUE,64k,TRUE,lz4,FALSE,0.6,4,16,3s,1,8,0.5,447512
WordCount,2,1,2g,1g,48m,TRUE,64k,TRUE,lz4,FALSE,0.6,4,16,3s,1,8,0.3,167202
WordCount,2,2,4g,4g,48m,FALSE,64k,TRUE,lz4,FALSE,0.6,2,128,3s,1,4,0.5,226781
WordCount,2,4,1g,8g,48m,FALSE,64k,TRUE,lz4,FALSE,0.6,4,256,3s,1,4,0.5,336935
WordCount,2,2,4g,2g,48m,TRUE,64k,TRUE,lz4,FALSE,0.6,1,64,3s,1,2,0.3,497872
WordCount,2,1,1g,4g,48m,FALSE,64k,TRUE,lz4,FALSE,0.6,2,128,3s,1,2,0.3,542481
WordCount,2,4,2g,1g,48m,TRUE,64k,TRUE,lz4,FALSE,0.6,1,16,3s,1,8,0.5,660312
WordCount,2,2,1g,2g,48m,TRUE,64k,TRUE,lz4,FALSE,0.6,4,64,3s,1,2,0.5,231581
WordCount,2,1,4g,8g,48m,FALSE,64k,TRUE,lz4,FALSE,0.6,1,256,3s,1,4,0.3,229657
WordCount,2,1,2g,2g,48m,TRUE,64k,TRUE,lz4,FALSE,0.6,4,128,3s,1,4,0.3,141944
WordCount,2,2,4g,8g,48m,FALSE,64k,TRUE,lz4,FALSE,0.6,1,16,3s,1,2,0.5,166792
WordCount,2,4,1g,4g,48m,FALSE,64k,TRUE,lz4,FALSE,0.6,4,64,3s,1,8,0.5,168893
WordCount,2,1,2g,1g,48m,TRUE,64k,TRUE,lz4,FALSE,0.6,2,256,3s,1,2,0.3,167074
WordCount,2,2,1g,8g,48m,FALSE,64k,TRUE,lz4,FALSE,0.6,4,16,3s,1,2,0.3,126881
WordCount,2,4,2g,2g,48m,TRUE,64k,TRUE,lz4,FALSE,0.6,1,128,3s,1,4,0.5,213347
WordCount,2,2,1g,1g,48m,TRUE,64k,TRUE,lz4,FALSE,0.6,2,256,3s,1,4,0.5,241275
WordCount,2,1,4g,4g,48m,FALSE,64k,TRUE,lz4,FALSE,0.6,1,64,3s,1,8,0.3,219331
WordCount,2,4,4g,4g,48m,TRUE,64k,TRUE,lz4,FALSE,0.6,2,256,3s,1,2,0.3,427770
WordCount,2,4,2g,8g,48m,TRUE,64k,TRUE,lz4,FALSE,0.6,2,128,3s,1,8,0.3,172920
WordCount,2,2,4g,2g,48m,FALSE,64k,TRUE,lz4,FALSE,0.6,4,16,3s,1,4,0.5,144887
WordCount,2,2,2g,4g,48m,TRUE,64k,TRUE,lz4,FALSE,0.6,2,256,3s,1,2,0.5,238656
WordCount,2,4,4g,1g,48m,FALSE,64k,TRUE,lz4,FALSE,0.6,4,64,3s,1,4,0.3,133100
WordCount,2,2,1g,2g,48m,FALSE,64k,TRUE,lz4,FALSE,0.6,1,16,3s,1,2,0.3,554876
WordCount,2,1,2g,8g,48m,TRUE,64k,TRUE,lz4,FALSE,0.6,4,128,3s,1,8,0.5,253926
WordCount,2,1,1g,4g,48m,TRUE,64k,TRUE,lz4,FALSE,0.6,4,64,3s,1,2,0.5,236977
WordCount,2,2,2g,1g,48m,FALSE,64k,TRUE,lz4,FALSE,0.6,1,256,3s,1,8,0.3,483165
WordCount,2,4,2g,2g,48m,FALSE,64k,TRUE,lz4,FALSE,0.6,2,128,3s,1,2,0.3,303822
WordCount,2,2,4g,8g,48m,TRUE,64k,TRUE,lz4,FALSE,0.6,1,16,3s,1,4,0.5,322662
WordCount,2,2,2g,1g,48m,FALSE,64k,TRUE,lz4,FALSE,0.6,2,256,3s,1,8,0.5,321700
WordCount,2,4,4g,4g,48m,TRUE,64k,TRUE,lz4,FALSE,0.6,1,64,3s,1,4,0.3,205441
WordCount,2,4,1g,8g,48m,TRUE,64k,TRUE,lz4,FALSE,0.6,4,16,3s,1,4,0.3,160108
WordCount,2,1,4g,2g,48m,FALSE,64k,TRUE,lz4,FALSE,0.6,2,128,3s,1,2,0.5,212453
WordCount,2,1,1g,8g,48m,FALSE,64k,TRUE,lz4,FALSE,0.6,2,128,3s,1,4,0.3,236054
WordCount,2,4,4g,2g,48m,TRUE,64k,TRUE,lz4,FALSE,0.6,4,16,3s,1,8,0.5,163054
WordCount,2,4,1g,1g,48m,TRUE,64k,TRUE,lz4,FALSE,0.6,1,64,3s,1,2,0.5,492956
WordCount,2,2,2g,4g,48m,FALSE,64k,TRUE,lz4,FALSE,0.6,4,256,3s,1,8,0.3,459210
WordCount,2,1,1g,2g,48m,TRUE,64k,TRUE,lz4,FALSE,0.6,1,16,3s,1,8,0.3,189436
WordCount,2,4,4g,8g,48m,FALSE,64k,TRUE,lz4,FALSE,0.6,2,128,3s,1,4,0.5,509510
WordCount,2,2,2g,4g,48m,FALSE,64k,TRUE,lz4,FALSE,0.6,2,256,3s,1,4,0.5,209421
WordCount,2,1,4g,1g,48m,TRUE,64k,TRUE,lz4,FALSE,0.6,4,64,3s,1,2,0.3,152397
WordCount,2,1,1g,8g,48m,FALSE,64k,TRUE,lz4,FALSE,0.6,2,128,3s,1,4,0.3,172031
WordCount,2,2,2g,2g,48m,TRUE,64k,TRUE,lz4,FALSE,0.6,1,16,3s,1,2,0.5,185513
WordCount,2,4,2g,1g,48m,TRUE,64k,TRUE,lz4,FALSE,0.6,4,64,3s,1,8,0.5,270690
WordCount,2,1,4g,4g,48m,FALSE,64k,TRUE,lz4,FALSE,0.6,2,256,3s,1,4,0.3,575045
WordCount,2,2,1g,2g,48m,TRUE,64k,TRUE,lz4,FALSE,0.6,4,16,3s,1,2,0.3,121542
WordCount,2,4,4g,8g,48m,FALSE,64k,TRUE,lz4,FALSE,0.6,2,128,3s,1,8,0.5,196341
WordCount,2,2,1g,4g,48m,FALSE,64k,TRUE,lz4,FALSE,0.6,4,256,3s,1,4,0.5,166953
WordCount,2,1,2g,1g,48m,TRUE,64k,TRUE,lz4,FALSE,0.6,1,64,3s,1,8,0.3,317591
WordCount,2,1,2g,4g,48m,TRUE,64k,TRUE,lz4,FALSE,0.6,1,64,3s,1,8,0.5,431987
WordCount,2,4,4g,1g,48m,FALSE,64k,TRUE,lz4,FALSE,0.6,2,256,3s,1,2,0.3,192579
WordCount,2,4,1g,2g,48m,FALSE,64k,TRUE,lz4,FALSE,0.6,2,128,3s,1,8,0.3,270859
WordCount,2,2,4g,8g,48m,TRUE,64k,TRUE,lz4,FALSE,0.6,4,16,3s,1,4,0.5,248956
WordCount,2,2,1g,1g,48m,FALSE,64k,TRUE,lz4,FALSE,0.6,1,256,3s,1,2,0.5,237368
WordCount,2,4,2g,4g,48m,TRUE,64k,TRUE,lz4,FALSE,0.6,4,64,3s,1,4,0.3,116038
WordCount,2,2,1g,8g,48m,TRUE,64k,TRUE,lz4,FALSE,0.6,1,16,3s,1,2,0.3,180681
WordCount,2,1,4g,2g,48m,FALSE,64k,TRUE,lz4,FALSE,0.6,2,128,3s,1,8,0.5,199829
WordCount,2,1,2g,1g,48m,FALSE,64k,TRUE,lz4,FALSE,0.6,4,64,3s,1,4,0.5,129681
WordCount,2,2,4g,4g,48m,TRUE,64k,TRUE,lz4,FALSE,0.6,2,256,3s,1,8,0.3,202157
WordCount,2,4,1g,8g,48m,TRUE,64k,TRUE,lz4,FALSE,0.6,4,128,3s,1,2,0.3,120054
WordCount,2,1,2g,2g,48m,FALSE,64k,TRUE,lz4,FALSE,0.6,1,16,3s,1,4,0.5,148297
WordCount,2,2,1g,4g,48m,TRUE,64k,TRUE,lz4,FALSE,0.6,2,256,3s,1,8,0.5,178775
WordCount,2,4,4g,1g,48m,FALSE,64k,TRUE,lz4,FALSE,0.6,1,64,3s,1,4,0.3,141201
WordCount,2,4,2g,2g,48m,FALSE,64k,TRUE,lz4,FALSE,0.6,4,16,3s,1,8,0.3,132420
WordCount,2,1,4g,8g,48m,TRUE,64k,TRUE,lz4,FALSE,0.6,1,128,3s,1,2,0.5,197780
WordCount,2,1,1g,2g,48m,TRUE,64k,TRUE,lz4,FALSE,0.6,1,128,3s,1,4,0.3,121496
WordCount,2,2,2g,8g,48m,FALSE,64k,TRUE,lz4,FALSE,0.6,4,16,3s,1,8,0.5,116350
WordCount,2,4,1g,4g,48m,FALSE,64k,TRUE,lz4,FALSE,0.6,1,64,3s,1,2,0.5,181193
WordCount,2,2,4g,1g,48m,TRUE,64k,TRUE,lz4,FALSE,0.6,2,256,3s,1,4,0.3,106767
WordCount,2,1,2g,8g,48m,FALSE,64k,TRUE,lz4,FALSE,0.6,1,16,3s,1,8,0.3,118114
WordCount,2,4,4g,2g,48m,TRUE,64k,TRUE,lz4,FALSE,0.6,2,128,3s,1,2,0.5,213679
WordCount,2,2,1g,1g,48m,TRUE,64k,TRUE,lz4,FALSE,0.6,2,256,3s,1,4,0.5,193107
WordCount,2,1,2g,4g,48m,FALSE,64k,TRUE,lz4,FALSE,0.6,4,64,3s,1,2,0.3,113251
WordCount,2,1,1g,8g,48m,TRUE,64k,TRUE,lz4,FALSE,0.6,2,16,3s,1,8,0.3,170530
WordCount,2,2,4g,2g,48m,FALSE,64k,TRUE,lz4,FALSE,0.6,1,128,3s,1,2,0.5,405986
WordCount,2,4,1g,1g,48m,FALSE,64k,TRUE,lz4,FALSE,0.6,4,256,3s,1,4,0.5,165093
WordCount,2,1,2g,4g,48m,TRUE,64k,TRUE,lz4,FALSE,0.6,1,64,3s,1,2,0.3,257566
WordCount,2,2,1g,2g,48m,FALSE,64k,TRUE,lz4,FALSE,0.6,4,128,3s,1,4,0.3,217275
WordCount,2,4,4g,8g,48m,TRUE,64k,TRUE,lz4,FALSE,0.6,2,16,3s,1,8,0.5,152980
WordCount,2,2,2g,4g,48m,TRUE,64k,TRUE,lz4,FALSE,0.6,4,64,3s,1,2,0.5,126243
WordCount,2,1,4g,1g,48m,FALSE,64k,TRUE,lz4,FALSE,0.6,1,256,3s,1,4,0.3,198865
WordCount,2,1,1g,4g,48m,FALSE,64k,TRUE,lz4,FALSE,0.6,1,256,3s,1,8,0.5,140897
WordCount,2,4,2g,1g,48m,TRUE,64k,TRUE,lz4,FALSE,0.6,2,64,3s,1,4,0.3,110017
WordCount,2,4,1g,2g,48m,TRUE,64k,TRUE,lz4,FALSE,0.6,2,16,3s,1,8,0.3,129460
WordCount,2,2,4g,8g,48m,FALSE,64k,TRUE,lz4,FALSE,0.6,4,128,3s,1,2,0.5,102721
WordCount,2,1,2g,1g,48m,TRUE,64k,TRUE,lz4,FALSE,0.6,1,64,3s,1,2,0.5,165383
WordCount,2,4,4g,4g,48m,FALSE,64k,TRUE,lz4,FALSE,0.6,4,256,3s,1,8,0.3,145288
WordCount,2,2,1g,8g,48m,FALSE,64k,TRUE,lz4,FALSE,0.6,1,128,3s,1,2,0.3,205240
WordCount,2,1,2g,2g,48m,TRUE,64k,TRUE,lz4,FALSE,0.6,2,16,3s,1,4,0.5,86327
WordCount,2,1,1g,1g,48m,TRUE,64k,TRUE,lz4,FALSE,0.6,4,256,3s,1,2,0.5,105512
WordCount,2,2,4g,4g,48m,FALSE,64k,TRUE,lz4,FALSE,0.6,2,64,3s,1,4,0.3,93503
WordCount,2,4,2g,8g,48m,FALSE,64k,TRUE,lz4,FALSE,0.6,4,16,3s,1,2,0.3,87969
WordCount,2,2,4g,2g,48m,TRUE,64k,TRUE,lz4,FALSE,0.6,1,128,3s,1,8,0.5,126340
WordCount,2,2,1g,4g,48m,FALSE,64k,TRUE,lz4,FALSE,0.6,2,64,3s,1,8,0.5,133423
WordCount,2,4,4g,1g,48m,TRUE,64k,TRUE,lz4,FALSE,0.6,1,256,3s,1,2,0.3,180677
WordCount,2,4,1g,2g,48m,TRUE,64k,TRUE,lz4,FALSE,0.6,4,128,3s,1,8,0.3,116260
WordCount,2,1,2g,8g,48m,FALSE,64k,TRUE,lz4,FALSE,0.6,2,16,3s,1,4,0.5,88284
WordCount,2,1,2g,2g,48m,FALSE,64k,TRUE,lz4,FALSE,0.6,1,16,3s,1,2,0.3,161170
WordCount,2,4,4g,8g,48m,TRUE,64k,TRUE,lz4,FALSE,0.6,4,128,3s,1,8,0.5,111807
WordCount,2,4,1g,4g,48m,TRUE,64k,TRUE,lz4,FALSE,0.6,1,256,3s,1,4,0.5,128648
WordCount,2,2,4g,1g,48m,FALSE,64k,TRUE,lz4,FALSE,0.6,2,64,3s,1,8,0.3,231158
WordCount,2,1,1g,8g,48m,TRUE,64k,TRUE,lz4,FALSE,0.6,1,128,3s,1,4,0.3,177918
WordCount,2,4,2g,2g,48m,FALSE,64k,TRUE,lz4,FALSE,0.6,2,16,3s,1,2,0.5,235210
WordCount,2,2,2g,1g,48m,FALSE,64k,TRUE,lz4,FALSE,0.6,2,64,3s,1,8,0.5,266294
WordCount,2,1,4g,4g,48m,TRUE,64k,TRUE,lz4,FALSE,0.6,4,256,3s,1,4,0.3,100796
WordCount,2,2,2g,8g,48m,TRUE,64k,TRUE,lz4,FALSE,0.6,1,128,3s,1,4,0.5,156749
WordCount,2,4,1g,4g,48m,TRUE,64k,TRUE,lz4,FALSE,0.6,4,256,3s,1,4,0.5,125183
WordCount,2,1,4g,1g,48m,FALSE,64k,TRUE,lz4,FALSE,0.6,2,64,3s,1,2,0.3,166412
WordCount,2,2,2g,8g,48m,TRUE,64k,TRUE,lz4,FALSE,0.6,4,128,3s,1,4,0.3,158143
WordCount,2,4,4g,2g,48m,FALSE,64k,TRUE,lz4,FALSE,0.6,1,16,3s,1,8,0.5,130654
WordCount,2,4,1g,1g,48m,FALSE,64k,TRUE,lz4,FALSE,0.6,2,64,3s,1,2,0.5,145961
WordCount,2,1,4g,4g,48m,TRUE,64k,TRUE,lz4,FALSE,0.6,1,256,3s,1,8,0.3,123865
WordCount,2,1,1g,1g,48m,TRUE,64k,TRUE,lz4,FALSE,0.6,1,256,3s,1,8,0.5,131465
WordCount,2,4,4g,4g,48m,FALSE,64k,TRUE,lz4,FALSE,0.6,2,64,3s,1,4,0.3,106443
WordCount,2,4,1g,8g,48m,FALSE,64k,TRUE,lz4,FALSE,0.6,1,16,3s,1,8,0.3,136105
WordCount,2,2,2g,2g,48m,TRUE,64k,TRUE,lz4,FALSE,0.6,4,128,3s,1,2,0.5,98580
WordCount,2,2,1g,4g,48m,FALSE,64k,TRUE,lz4,FALSE,0.6,2,64,3s,1,2,0.5,122881
WordCount,2,4,2g,1g,48m,TRUE,64k,TRUE,lz4,FALSE,0.6,4,256,3s,1,8,0.3,146773
WordCount,2,2,2g,2g,48m,TRUE,64k,TRUE,lz4,FALSE,0.6,1,128,3s,1,2,0.3,171531
WordCount,2,1,4g,8g,48m,FALSE,64k,TRUE,lz4,FALSE,0.6,4,16,3s,1,4,0.5,85336
WordCount,2,1,2g,4g,48m,FALSE,64k,TRUE,lz4,FALSE,0.6,4,256,3s,1,2,0.5,94106
WordCount,2,2,4g,1g,48m,TRUE,64k,TRUE,lz4,FALSE,0.6,1,64,3s,1,4,0.3,121288
WordCount,2,4,1g,2g,48m,TRUE,64k,TRUE,lz4,FALSE,0.6,2,16,3s,1,4,0.3,266941
WordCount,2,2,2g,8g,48m,FALSE,64k,TRUE,lz4,FALSE,0.6,1,128,3s,1,8,0.5,277517
WordCount,2,2,1g,1g,48m,TRUE,64k,TRUE,lz4,FALSE,0.6,4,64,3s,1,8,0.5,365584
WordCount,2,4,2g,4g,48m,FALSE,64k,TRUE,lz4,FALSE,0.6,1,256,3s,1,2,0.3,432739
WordCount,2,4,1g,8g,48m,FALSE,64k,TRUE,lz4,FALSE,0.6,4,128,3s,1,8,0.3,165741
WordCount,2,1,4g,2g,48m,TRUE,64k,TRUE,lz4,FALSE,0.6,2,16,3s,1,4,0.5,133291
WordCount,2,1,1g,8g,48m,TRUE,64k,TRUE,lz4,FALSE,0.6,2,16,3s,1,2,0.3,159084
WordCount,2,2,4g,2g,48m,FALSE,64k,TRUE,lz4,FALSE,0.6,4,128,3s,1,4,0.5,137388
WordCount,2,4,2g,1g,48m,FALSE,64k,TRUE,lz4,FALSE,0.6,1,256,3s,1,4,0.5,213194
WordCount,2,2,4g,4g,48m,TRUE,64k,TRUE,lz4,FALSE,0.6,4,64,3s,1,8,0.3,165104
WordCount,2,1,2g,2g,48m,FALSE,64k,TRUE,lz4,FALSE,0.6,1,128,3s,1,4,0.3,183520
WordCount,2,4,4g,8g,48m,TRUE,64k,TRUE,lz4,FALSE,0.6,2,16,3s,1,2,0.5,136793
WordCount,2,1,2g,1g,48m,FALSE,64k,TRUE,lz4,FALSE,0.6,4,256,3s,1,2,0.3,119559
WordCount,2,1,1g,4g,48m,TRUE,64k,TRUE,lz4,FALSE,0.6,1,128,3s,1,2,0.3,168000
WordCount,2,2,4g,1g,48m,FALSE,64k,TRUE,lz4,FALSE,0.6,4,16,3s,1,8,0.5,112156
WordCount,2,4,2g,2g,48m,FALSE,64k,TRUE,lz4,FALSE,0.6,2,64,3s,1,2,0.5,118324
WordCount,2,1,4g,8g,48m,TRUE,64k,TRUE,lz4,FALSE,0.6,4,256,3s,1,4,0.3,92114
WordCount,2,4,4g,4g,48m,TRUE,64k,TRUE,lz4,FALSE,0.6,4,128,3s,1,4,0.5,96520
WordCount,2,2,1g,8g,48m,TRUE,64k,TRUE,lz4,FALSE,0.6,1,256,3s,1,4,0.5,129505
WordCount,2,1,2g,2g,48m,FALSE,64k,TRUE,lz4,FALSE,0.6,2,64,3s,1,2,0.3,117824
WordCount,2,1,2g,8g,48m,FALSE,64k,TRUE,lz4,FALSE,0.6,2,64,3s,1,4,0.5,104851
WordCount,2,2,2g,4g,48m,FALSE,64k,TRUE,lz4,FALSE,0.6,2,128,3s,1,4,0.5,198307
WordCount,2,2,1g,2g,48m,TRUE,64k,TRUE,lz4,FALSE,0.6,1,64,3s,1,8,0.5,LONG_VALUE
WordCount,2,1,1g,1g,48m,FALSE,64k,TRUE,lz4,FALSE,0.6,1,64,3s,1,8,0.5,LONG_VALUE
WordCount,2,1,1g,2g,48m,FALSE,64k,TRUE,lz4,FALSE,0.6,2,16,3s,1,8,0.3,LONG_VALUE
WordCount,2,2,1g,4g,48m,TRUE,64k,TRUE,lz4,FALSE,0.6,2,64,3s,1,8,0.5,LONG_VALUE
WordCount,2,2,1g,1g,48m,FALSE,64k,TRUE,lz4,FALSE,0.6,2,16,3s,1,8,0.3,LONG_VALUE
WordCount,4,2,2g,4g,48m,FALSE,64k,TRUE,lz4,FALSE,0.6,2,128,3s,1,4,0.5,231501
WordCount,4,1,4g,2g,48m,TRUE,64k,TRUE,lz4,FALSE,0.6,4,64,3s,1,8,0.3,356963
WordCount,4,2,2g,4g,48m,FALSE,64k,TRUE,lz4,FALSE,0.6,2,128,3s,1,4,0.3,244159
WordCount,4,4,4g,1g,48m,TRUE,64k,TRUE,lz4,FALSE,0.6,4,16,3s,1,2,0.5,186999
WordCount,4,1,2g,8g,48m,FALSE,64k,TRUE,lz4,FALSE,0.6,2,256,3s,1,4,0.3,399393
WordCount,4,4,4g,8g,48m,TRUE,64k,TRUE,lz4,FALSE,0.6,1,64,3s,1,8,0.3,457669
WordCount,4,2,2g,1g,48m,FALSE,64k,TRUE,lz4,FALSE,0.6,2,128,3s,1,8,0.5,541962
WordCount,4,4,4g,2g,48m,FALSE,64k,TRUE,lz4,FALSE,0.6,1,256,3s,1,2,0.3,623106
WordCount,4,2,2g,1g,48m,FALSE,64k,TRUE,lz4,FALSE,0.6,2,128,3s,1,8,0.3,452474
WordCount,4,1,4g,4g,48m,TRUE,64k,TRUE,lz4,FALSE,0.6,1,16,3s,1,2,0.5,431073
WordCount,4,1,2g,8g,48m,TRUE,64k,TRUE,lz4,FALSE,0.6,2,256,3s,1,8,0.5,351772
WordCount,4,2,4g,2g,48m,FALSE,64k,TRUE,lz4,FALSE,0.6,4,64,3s,1,2,0.3,328702
WordCount,4,2,4g,4g,48m,TRUE,64k,TRUE,lz4,FALSE,0.6,2,128,3s,1,2,0.5,198083
WordCount,4,4,2g,8g,48m,TRUE,64k,TRUE,lz4,FALSE,0.6,2,256,3s,1,8,0.3,530707
WordCount,4,4,2g,4g,48m,TRUE,64k,TRUE,lz4,FALSE,0.6,1,128,3s,1,2,0.3,636267
WordCount,4,1,4g,1g,48m,FALSE,64k,TRUE,lz4,FALSE,0.6,4,16,3s,1,4,0.5,487291
WordCount,4,2,2g,1g,48m,TRUE,64k,TRUE,lz4,FALSE,0.6,2,128,3s,1,4,0.5,313694
WordCount,4,4,2g,2g,48m,TRUE,64k,TRUE,lz4,FALSE,0.6,2,256,3s,1,8,0.5,727635
WordCount,4,2,4g,8g,48m,FALSE,64k,TRUE,lz4,FALSE,0.6,1,64,3s,1,2,0.3,488649
WordCount,4,4,4g,4g,48m,FALSE,64k,TRUE,lz4,FALSE,0.6,1,16,3s,1,8,0.5,213083
WordCount,4,1,2g,2g,48m,TRUE,64k,TRUE,lz4,FALSE,0.6,2,256,3s,1,4,0.3,217089
WordCount,4,2,4g,1g,48m,TRUE,64k,TRUE,lz4,FALSE,0.6,4,128,3s,1,4,0.5,227063
WordCount,4,1,2g,8g,48m,FALSE,64k,TRUE,lz4,FALSE,0.6,4,64,3s,1,8,0.3,240472
WordCount,4,4,2g,4g,48m,FALSE,64k,TRUE,lz4,FALSE,0.6,4,16,3s,1,2,0.5,188656
WordCount,4,4,2g,8g,48m,FALSE,64k,TRUE,lz4,FALSE,0.6,1,64,3s,1,8,0.5,281380
WordCount,4,1,4g,2g,48m,TRUE,64k,TRUE,lz4,FALSE,0.6,2,256,3s,1,4,0.3,224106
WordCount,4,4,2g,2g,48m,FALSE,64k,TRUE,lz4,FALSE,0.6,1,64,3s,1,8,0.3,182356
WordCount,4,2,4g,4g,48m,TRUE,64k,TRUE,lz4,FALSE,0.6,1,128,3s,1,8,0.5,168007
WordCount,4,2,2g,2g,48m,FALSE,64k,TRUE,lz4,FALSE,0.6,4,64,3s,1,4,0.5,162043
WordCount,4,4,4g,8g,48m,TRUE,64k,TRUE,lz4,FALSE,0.6,2,256,3s,1,2,0.3,184194
WordCount,4,1,4g,1g,48m,FALSE,64k,TRUE,lz4,FALSE,0.6,1,16,3s,1,2,0.5,274771
WordCount,4,2,4g,8g,48m,TRUE,64k,TRUE,lz4,FALSE,0.6,4,64,3s,1,2,0.3,152312
WordCount,4,4,2g,4g,48m,TRUE,64k,TRUE,lz4,FALSE,0.6,1,16,3s,1,4,0.3,178118
WordCount,4,1,4g,1g,48m,FALSE,64k,TRUE,lz4,FALSE,0.6,2,128,3s,1,2,0.5,196928
WordCount,4,2,2g,8g,48m,TRUE,64k,TRUE,lz4,FALSE,0.6,1,64,3s,1,4,0.5,177300
WordCount,4,4,4g,2g,48m,FALSE,64k,TRUE,lz4,FALSE,0.6,4,256,3s,1,8,0.3,206938
WordCount,4,1,2g,4g,48m,TRUE,64k,TRUE,lz4,FALSE,0.6,4,16,3s,1,8,0.5,193669
WordCount,4,1,2g,1g,48m,TRUE,64k,TRUE,lz4,FALSE,0.6,4,16,3s,1,8,0.3,191916
WordCount,4,2,4g,4g,48m,FALSE,64k,TRUE,lz4,FALSE,0.6,2,128,3s,1,4,0.5,167097
WordCount,4,2,4g,2g,48m,TRUE,64k,TRUE,lz4,FALSE,0.6,1,64,3s,1,2,0.3,243619
WordCount,4,4,2g,1g,48m,TRUE,64k,TRUE,lz4,FALSE,0.6,1,16,3s,1,8,0.5,506640
WordCount,4,1,4g,8g,48m,FALSE,64k,TRUE,lz4,FALSE,0.6,1,256,3s,1,4,0.3,214934
WordCount,4,1,2g,2g,48m,TRUE,64k,TRUE,lz4,FALSE,0.6,4,128,3s,1,4,0.3,135964
WordCount,4,2,4g,8g,48m,FALSE,64k,TRUE,lz4,FALSE,0.6,1,16,3s,1,2,0.5,285815
WordCount,4,1,2g,1g,48m,TRUE,64k,TRUE,lz4,FALSE,0.6,2,256,3s,1,2,0.3,178174
WordCount,4,4,2g,2g,48m,TRUE,64k,TRUE,lz4,FALSE,0.6,1,128,3s,1,4,0.5,303444
WordCount,4,1,4g,4g,48m,FALSE,64k,TRUE,lz4,FALSE,0.6,1,64,3s,1,8,0.3,156129
WordCount,4,4,4g,4g,48m,TRUE,64k,TRUE,lz4,FALSE,0.6,2,256,3s,1,2,0.3,178417
WordCount,4,4,2g,8g,48m,TRUE,64k,TRUE,lz4,FALSE,0.6,2,128,3s,1,8,0.3,167126
WordCount,4,2,4g,2g,48m,FALSE,64k,TRUE,lz4,FALSE,0.6,4,16,3s,1,4,0.5,152301
WordCount,4,2,2g,4g,48m,TRUE,64k,TRUE,lz4,FALSE,0.6,2,256,3s,1,2,0.5,200925
WordCount,4,4,4g,1g,48m,FALSE,64k,TRUE,lz4,FALSE,0.6,4,64,3s,1,4,0.3,153258
WordCount,4,1,2g,8g,48m,TRUE,64k,TRUE,lz4,FALSE,0.6,4,128,3s,1,8,0.5,154865
WordCount,4,2,2g,1g,48m,FALSE,64k,TRUE,lz4,FALSE,0.6,1,256,3s,1,8,0.3,345136
WordCount,4,4,2g,2g,48m,FALSE,64k,TRUE,lz4,FALSE,0.6,2,128,3s,1,2,0.3,224134
WordCount,4,2,4g,8g,48m,TRUE,64k,TRUE,lz4,FALSE,0.6,1,16,3s,1,4,0.5,195390
WordCount,4,2,2g,1g,48m,FALSE,64k,TRUE,lz4,FALSE,0.6,2,256,3s,1,8,0.5,389551
WordCount,4,4,4g,4g,48m,TRUE,64k,TRUE,lz4,FALSE,0.6,1,64,3s,1,4,0.3,169343
WordCount,4,1,4g,2g,48m,FALSE,64k,TRUE,lz4,FALSE,0.6,2,128,3s,1,2,0.5,225049
WordCount,4,4,4g,2g,48m,TRUE,64k,TRUE,lz4,FALSE,0.6,4,16,3s,1,8,0.5,161831
WordCount,4,2,2g,4g,48m,FALSE,64k,TRUE,lz4,FALSE,0.6,4,256,3s,1,8,0.3,188942
WordCount,4,4,4g,8g,48m,FALSE,64k,TRUE,lz4,FALSE,0.6,2,128,3s,1,4,0.5,150303
WordCount,4,2,2g,4g,48m,FALSE,64k,TRUE,lz4,FALSE,0.6,2,256,3s,1,4,0.5,165869
WordCount,4,1,4g,1g,48m,TRUE,64k,TRUE,lz4,FALSE,0.6,4,64,3s,1,2,0.3,183736
WordCount,4,2,2g,2g,48m,TRUE,64k,TRUE,lz4,FALSE,0.6,1,16,3s,1,2,0.5,261093
WordCount,4,4,2g,1g,48m,TRUE,64k,TRUE,lz4,FALSE,0.6,4,64,3s,1,8,0.5,338273
WordCount,4,1,4g,4g,48m,FALSE,64k,TRUE,lz4,FALSE,0.6,2,256,3s,1,4,0.3,156907
WordCount,4,4,4g,8g,48m,FALSE,64k,TRUE,lz4,FALSE,0.6,2,128,3s,1,8,0.5,265630
WordCount,4,1,2g,1g,48m,TRUE,64k,TRUE,lz4,FALSE,0.6,1,64,3s,1,8,0.3,184836
WordCount,4,1,2g,4g,48m,TRUE,64k,TRUE,lz4,FALSE,0.6,1,64,3s,1,8,0.5,253417
WordCount,4,4,4g,1g,48m,FALSE,64k,TRUE,lz4,FALSE,0.6,2,256,3s,1,2,0.3,329168
WordCount,4,2,4g,8g,48m,TRUE,64k,TRUE,lz4,FALSE,0.6,4,16,3s,1,4,0.5,135050
WordCount,4,4,2g,4g,48m,TRUE,64k,TRUE,lz4,FALSE,0.6,4,64,3s,1,4,0.3,134670
WordCount,4,1,4g,2g,48m,FALSE,64k,TRUE,lz4,FALSE,0.6,2,128,3s,1,8,0.5,167542
WordCount,4,1,2g,1g,48m,FALSE,64k,TRUE,lz4,FALSE,0.6,4,64,3s,1,4,0.5,138305
WordCount,4,2,4g,4g,48m,TRUE,64k,TRUE,lz4,FALSE,0.6,2,256,3s,1,8,0.3,158709
WordCount,4,1,2g,2g,48m,FALSE,64k,TRUE,lz4,FALSE,0.6,1,16,3s,1,4,0.5,164362
WordCount,4,4,4g,1g,48m,FALSE,64k,TRUE,lz4,FALSE,0.6,1,64,3s,1,4,0.3,179382
WordCount,4,4,2g,2g,48m,FALSE,64k,TRUE,lz4,FALSE,0.6,4,16,3s,1,8,0.3,165798
WordCount,4,1,4g,8g,48m,TRUE,64k,TRUE,lz4,FALSE,0.6,1,128,3s,1,2,0.5,265879
WordCount,4,2,2g,8g,48m,FALSE,64k,TRUE,lz4,FALSE,0.6,4,16,3s,1,8,0.5,165220
WordCount,4,2,4g,1g,48m,TRUE,64k,TRUE,lz4,FALSE,0.6,2,256,3s,1,4,0.3,153145
WordCount,4,1,2g,8g,48m,FALSE,64k,TRUE,lz4,FALSE,0.6,1,16,3s,1,8,0.3,173606
WordCount,4,4,4g,2g,48m,TRUE,64k,TRUE,lz4,FALSE,0.6,2,128,3s,1,2,0.5,172173
WordCount,4,1,2g,4g,48m,FALSE,64k,TRUE,lz4,FALSE,0.6,4,64,3s,1,2,0.3,132390
WordCount,4,2,4g,2g,48m,FALSE,64k,TRUE,lz4,FALSE,0.6,1,128,3s,1,2,0.5,304193
WordCount,4,1,2g,4g,48m,TRUE,64k,TRUE,lz4,FALSE,0.6,1,64,3s,1,2,0.3,253975
WordCount,4,4,4g,8g,48m,TRUE,64k,TRUE,lz4,FALSE,0.6,2,16,3s,1,8,0.5,153608
WordCount,4,2,2g,4g,48m,TRUE,64k,TRUE,lz4,FALSE,0.6,4,64,3s,1,2,0.5,177584
WordCount,4,1,4g,1g,48m,FALSE,64k,TRUE,lz4,FALSE,0.6,1,256,3s,1,4,0.3,283298
WordCount,4,4,2g,1g,48m,TRUE,64k,TRUE,lz4,FALSE,0.6,2,64,3s,1,4,0.3,137701
WordCount,4,2,4g,8g,48m,FALSE,64k,TRUE,lz4,FALSE,0.6,4,128,3s,1,2,0.5,136679
WordCount,4,1,2g,1g,48m,TRUE,64k,TRUE,lz4,FALSE,0.6,1,64,3s,1,2,0.5,263297
WordCount,4,4,4g,4g,48m,FALSE,64k,TRUE,lz4,FALSE,0.6,4,256,3s,1,8,0.3,157928
WordCount,4,1,2g,2g,48m,TRUE,64k,TRUE,lz4,FALSE,0.6,2,16,3s,1,4,0.5,132042
WordCount,4,2,4g,4g,48m,FALSE,64k,TRUE,lz4,FALSE,0.6,2,64,3s,1,4,0.3,139232
WordCount,4,4,2g,8g,48m,FALSE,64k,TRUE,lz4,FALSE,0.6,4,16,3s,1,2,0.3,132155
WordCount,4,2,4g,2g,48m,TRUE,64k,TRUE,lz4,FALSE,0.6,1,128,3s,1,8,0.5,156861
WordCount,4,4,4g,1g,48m,TRUE,64k,TRUE,lz4,FALSE,0.6,1,256,3s,1,2,0.3,304483
WordCount,4,1,2g,8g,48m,FALSE,64k,TRUE,lz4,FALSE,0.6,2,16,3s,1,4,0.5,141509
WordCount,4,1,2g,2g,48m,FALSE,64k,TRUE,lz4,FALSE,0.6,1,16,3s,1,2,0.3,277929
WordCount,4,4,4g,8g,48m,TRUE,64k,TRUE,lz4,FALSE,0.6,4,128,3s,1,8,0.5,168701
WordCount,4,2,4g,1g,48m,FALSE,64k,TRUE,lz4,FALSE,0.6,2,64,3s,1,8,0.3,299845
WordCount,4,4,2g,2g,48m,FALSE,64k,TRUE,lz4,FALSE,0.6,2,16,3s,1,2,0.5,301579
WordCount,4,2,2g,1g,48m,FALSE,64k,TRUE,lz4,FALSE,0.6,2,64,3s,1,8,0.5,236178
WordCount,4,1,4g,4g,48m,TRUE,64k,TRUE,lz4,FALSE,0.6,4,256,3s,1,4,0.3,192560
WordCount,4,2,2g,8g,48m,TRUE,64k,TRUE,lz4,FALSE,0.6,1,128,3s,1,4,0.5,319467
WordCount,4,1,4g,1g,48m,FALSE,64k,TRUE,lz4,FALSE,0.6,2,64,3s,1,2,0.3,175354
WordCount,4,2,2g,8g,48m,TRUE,64k,TRUE,lz4,FALSE,0.6,4,128,3s,1,4,0.3,135032
WordCount,4,4,4g,2g,48m,FALSE,64k,TRUE,lz4,FALSE,0.6,1,16,3s,1,8,0.5,310166
WordCount,4,1,4g,4g,48m,TRUE,64k,TRUE,lz4,FALSE,0.6,1,256,3s,1,8,0.3,161905
WordCount,4,4,4g,4g,48m,FALSE,64k,TRUE,lz4,FALSE,0.6,2,64,3s,1,4,0.3,148238
WordCount,4,2,2g,2g,48m,TRUE,64k,TRUE,lz4,FALSE,0.6,4,128,3s,1,2,0.5,168813
WordCount,4,4,2g,1g,48m,TRUE,64k,TRUE,lz4,FALSE,0.6,4,256,3s,1,8,0.3,405681
WordCount,4,2,2g,2g,48m,TRUE,64k,TRUE,lz4,FALSE,0.6,1,128,3s,1,2,0.3,382400
WordCount,4,1,4g,8g,48m,FALSE,64k,TRUE,lz4,FALSE,0.6,4,16,3s,1,4,0.5,217917
WordCount,4,1,2g,4g,48m,FALSE,64k,TRUE,lz4,FALSE,0.6,4,256,3s,1,2,0.5,333298
WordCount,4,2,4g,1g,48m,TRUE,64k,TRUE,lz4,FALSE,0.6,1,64,3s,1,4,0.3,261584
WordCount,4,2,2g,8g,48m,FALSE,64k,TRUE,lz4,FALSE,0.6,1,128,3s,1,8,0.5,160829
WordCount,4,4,2g,4g,48m,FALSE,64k,TRUE,lz4,FALSE,0.6,1,256,3s,1,2,0.3,510444
WordCount,4,1,4g,2g,48m,TRUE,64k,TRUE,lz4,FALSE,0.6,2,16,3s,1,4,0.5,159082
WordCount,4,2,4g,2g,48m,FALSE,64k,TRUE,lz4,FALSE,0.6,4,128,3s,1,4,0.5,134911
WordCount,4,4,2g,1g,48m,FALSE,64k,TRUE,lz4,FALSE,0.6,1,256,3s,1,4,0.5,232541
WordCount,4,2,4g,4g,48m,TRUE,64k,TRUE,lz4,FALSE,0.6,4,64,3s,1,8,0.3,208585
WordCount,4,1,2g,2g,48m,FALSE,64k,TRUE,lz4,FALSE,0.6,1,128,3s,1,4,0.3,272123
WordCount,4,4,4g,8g,48m,TRUE,64k,TRUE,lz4,FALSE,0.6,2,16,3s,1,2,0.5,178455
WordCount,4,1,2g,1g,48m,FALSE,64k,TRUE,lz4,FALSE,0.6,4,256,3s,1,2,0.3,152490
WordCount,4,2,4g,1g,48m,FALSE,64k,TRUE,lz4,FALSE,0.6,4,16,3s,1,8,0.5,180284
WordCount,4,4,2g,2g,48m,FALSE,64k,TRUE,lz4,FALSE,0.6,2,64,3s,1,2,0.5,185288
WordCount,4,1,4g,8g,48m,TRUE,64k,TRUE,lz4,FALSE,0.6,4,256,3s,1,4,0.3,136884
WordCount,4,4,4g,4g,48m,TRUE,64k,TRUE,lz4,FALSE,0.6,4,128,3s,1,4,0.5,136919
WordCount,4,2,1g,2g,48m,TRUE,64k,TRUE,lz4,FALSE,0.6,1,64,3s,1,8,0.5,LONG_VALUE
WordCount,4,1,1g,8g,48m,TRUE,64k,TRUE,lz4,FALSE,0.6,4,64,3s,1,4,0.5,LONG_VALUE
WordCount,4,2,1g,8g,48m,FALSE,64k,TRUE,lz4,FALSE,0.6,4,64,3s,1,2,0.5,LONG_VALUE
WordCount,4,4,1g,2g,48m,TRUE,64k,TRUE,lz4,FALSE,0.6,2,256,3s,1,4,0.5,LONG_VALUE
WordCount,4,1,1g,1g,48m,FALSE,64k,TRUE,lz4,FALSE,0.6,1,64,3s,1,8,0.5,LONG_VALUE
WordCount,4,1,1g,8g,48m,FALSE,64k,TRUE,lz4,FALSE,0.6,2,128,3s,1,4,0.3,LONG_VALUE
WordCount,4,2,1g,4g,48m,FALSE,64k,TRUE,lz4,FALSE,0.6,4,256,3s,1,4,0.5,LONG_VALUE
WordCount,4,4,1g,2g,48m,FALSE,64k,TRUE,lz4,FALSE,0.6,2,128,3s,1,8,0.3,LONG_VALUE
WordCount,4,2,1g,1g,48m,TRUE,64k,TRUE,lz4,FALSE,0.6,2,256,3s,1,4,0.5,LONG_VALUE
WordCount,4,2,1g,4g,48m,FALSE,64k,TRUE,lz4,FALSE,0.6,2,64,3s,1,8,0.5,LONG_VALUE
WordCount,4,4,1g,4g,48m,TRUE,64k,TRUE,lz4,FALSE,0.6,4,256,3s,1,4,0.5,LONG_VALUE
WordCount,4,4,1g,8g,48m,FALSE,64k,TRUE,lz4,FALSE,0.6,4,128,3s,1,8,0.3,LONG_VALUE
WordCount,4,4,1g,8g,48m,FALSE,64k,TRUE,lz4,FALSE,0.6,1,256,3s,1,2,0.5,LONG_VALUE
WordCount,4,1,1g,2g,48m,FALSE,64k,TRUE,lz4,FALSE,0.6,4,256,3s,1,2,0.5,LONG_VALUE
WordCount,4,4,1g,4g,48m,TRUE,64k,TRUE,lz4,FALSE,0.6,4,16,3s,1,4,0.3,LONG_VALUE
WordCount,4,4,1g,1g,48m,FALSE,64k,TRUE,lz4,FALSE,0.6,1,16,3s,1,4,0.3,LONG_VALUE
WordCount,4,2,1g,2g,48m,FALSE,64k,TRUE,lz4,FALSE,0.6,1,64,3s,1,4,0.5,LONG_VALUE
WordCount,4,1,1g,4g,48m,FALSE,64k,TRUE,lz4,FALSE,0.6,4,16,3s,1,8,0.3,LONG_VALUE
WordCount,4,1,1g,1g,48m,TRUE,64k,TRUE,lz4,FALSE,0.6,4,128,3s,1,4,0.3,LONG_VALUE
WordCount,4,1,1g,4g,48m,FALSE,64k,TRUE,lz4,FALSE,0.6,1,16,3s,1,2,0.3,LONG_VALUE
WordCount,4,2,1g,1g,48m,TRUE,64k,TRUE,lz4,FALSE,0.6,1,128,3s,1,8,0.3,LONG_VALUE
WordCount,4,1,1g,8g,48m,TRUE,64k,TRUE,lz4,FALSE,0.6,2,256,3s,1,2,0.5,LONG_VALUE
WordCount,4,4,1g,1g,48m,FALSE,64k,TRUE,lz4,FALSE,0.6,4,16,3s,1,4,0.3,LONG_VALUE
WordCount,4,2,1g,4g,48m,TRUE,64k,TRUE,lz4,FALSE,0.6,2,128,3s,1,8,0.3,LONG_VALUE
WordCount,4,1,1g,2g,48m,FALSE,64k,TRUE,lz4,FALSE,0.6,2,256,3s,1,8,0.5,LONG_VALUE
WordCount,4,4,1g,1g,48m,FALSE,64k,TRUE,lz4,FALSE,0.6,2,128,3s,1,2,0.3,LONG_VALUE
WordCount,4,4,1g,8g,48m,FALSE,64k,TRUE,lz4,FALSE,0.6,4,256,3s,1,4,0.5,LONG_VALUE
WordCount,4,2,1g,2g,48m,TRUE,64k,TRUE,lz4,FALSE,0.6,4,64,3s,1,2,0.5,LONG_VALUE
WordCount,4,4,1g,4g,48m,FALSE,64k,TRUE,lz4,FALSE,0.6,4,64,3s,1,8,0.5,LONG_VALUE
WordCount,4,2,1g,8g,48m,FALSE,64k,TRUE,lz4,FALSE,0.6,4,16,3s,1,2,0.3,LONG_VALUE
WordCount,4,2,1g,1g,48m,TRUE,64k,TRUE,lz4,FALSE,0.6,2,256,3s,1,4,0.5,LONG_VALUE
WordCount,4,2,1g,2g,48m,FALSE,64k,TRUE,lz4,FALSE,0.6,1,16,3s,1,2,0.3,LONG_VALUE
WordCount,4,1,1g,4g,48m,TRUE,64k,TRUE,lz4,FALSE,0.6,4,64,3s,1,2,0.5,LONG_VALUE
WordCount,4,4,1g,8g,48m,TRUE,64k,TRUE,lz4,FALSE,0.6,4,16,3s,1,4,0.3,LONG_VALUE
WordCount,4,1,1g,8g,48m,FALSE,64k,TRUE,lz4,FALSE,0.6,2,128,3s,1,4,0.3,LONG_VALUE
WordCount,4,4,1g,1g,48m,TRUE,64k,TRUE,lz4,FALSE,0.6,1,64,3s,1,2,0.5,LONG_VALUE
WordCount,4,1,1g,2g,48m,TRUE,64k,TRUE,lz4,FALSE,0.6,1,16,3s,1,8,0.3,LONG_VALUE
WordCount,4,2,1g,2g,48m,TRUE,64k,TRUE,lz4,FALSE,0.6,4,16,3s,1,2,0.3,LONG_VALUE
WordCount,4,2,1g,1g,48m,FALSE,64k,TRUE,lz4,FALSE,0.6,1,256,3s,1,2,0.5,LONG_VALUE
WordCount,4,2,1g,8g,48m,TRUE,64k,TRUE,lz4,FALSE,0.6,1,16,3s,1,2,0.3,LONG_VALUE
WordCount,4,4,1g,8g,48m,TRUE,64k,TRUE,lz4,FALSE,0.6,4,128,3s,1,2,0.3,LONG_VALUE
WordCount,4,2,1g,4g,48m,TRUE,64k,TRUE,lz4,FALSE,0.6,2,256,3s,1,8,0.5,LONG_VALUE
WordCount,4,1,1g,2g,48m,TRUE,64k,TRUE,lz4,FALSE,0.6,1,128,3s,1,4,0.3,LONG_VALUE
WordCount,4,4,1g,4g,48m,FALSE,64k,TRUE,lz4,FALSE,0.6,1,64,3s,1,2,0.5,LONG_VALUE
WordCount,4,1,1g,8g,48m,TRUE,64k,TRUE,lz4,FALSE,0.6,2,16,3s,1,8,0.3,LONG_VALUE
WordCount,4,4,1g,1g,48m,FALSE,64k,TRUE,lz4,FALSE,0.6,4,256,3s,1,4,0.5,LONG_VALUE
WordCount,4,2,1g,2g,48m,FALSE,64k,TRUE,lz4,FALSE,0.6,4,128,3s,1,4,0.3,LONG_VALUE
WordCount,4,1,1g,4g,48m,FALSE,64k,TRUE,lz4,FALSE,0.6,1,256,3s,1,8,0.5,LONG_VALUE
WordCount,4,2,1g,8g,48m,FALSE,64k,TRUE,lz4,FALSE,0.6,1,128,3s,1,2,0.3,LONG_VALUE
WordCount,4,1,1g,1g,48m,TRUE,64k,TRUE,lz4,FALSE,0.6,4,256,3s,1,2,0.5,LONG_VALUE
WordCount,4,4,1g,2g,48m,TRUE,64k,TRUE,lz4,FALSE,0.6,4,128,3s,1,8,0.3,LONG_VALUE
WordCount,4,4,1g,4g,48m,TRUE,64k,TRUE,lz4,FALSE,0.6,1,256,3s,1,4,0.5,LONG_VALUE
WordCount,4,1,1g,8g,48m,TRUE,64k,TRUE,lz4,FALSE,0.6,1,128,3s,1,4,0.3,LONG_VALUE
WordCount,4,1,1g,2g,48m,FALSE,64k,TRUE,lz4,FALSE,0.6,2,16,3s,1,8,0.3,LONG_VALUE
WordCount,4,4,1g,1g,48m,FALSE,64k,TRUE,lz4,FALSE,0.6,2,64,3s,1,2,0.5,LONG_VALUE
WordCount,4,1,1g,1g,48m,TRUE,64k,TRUE,lz4,FALSE,0.6,1,256,3s,1,8,0.5,LONG_VALUE
WordCount,4,2,1g,4g,48m,FALSE,64k,TRUE,lz4,FALSE,0.6,2,64,3s,1,2,0.5,LONG_VALUE
WordCount,4,4,1g,2g,48m,TRUE,64k,TRUE,lz4,FALSE,0.6,2,16,3s,1,4,0.3,LONG_VALUE
WordCount,4,2,1g,1g,48m,TRUE,64k,TRUE,lz4,FALSE,0.6,4,64,3s,1,8,0.5,LONG_VALUE
WordCount,4,1,1g,8g,48m,TRUE,64k,TRUE,lz4,FALSE,0.6,2,16,3s,1,2,0.3,LONG_VALUE
WordCount,4,2,1g,4g,48m,TRUE,64k,TRUE,lz4,FALSE,0.6,2,64,3s,1,8,0.5,LONG_VALUE
WordCount,4,1,1g,4g,48m,TRUE,64k,TRUE,lz4,FALSE,0.6,1,128,3s,1,2,0.3,LONG_VALUE
WordCount,4,2,1g,1g,48m,FALSE,64k,TRUE,lz4,FALSE,0.6,2,16,3s,1,8,0.3,LONG_VALUE
WordCount,4,2,1g,8g,48m,TRUE,64k,TRUE,lz4,FALSE,0.6,1,256,3s,1,4,0.5,LONG_VALUE
WordCount,8,2,2g,4g,48m,FALSE,64k,TRUE,lz4,FALSE,0.6,2,128,3s,1,4,0.5,383629
WordCount,8,1,4g,2g,48m,TRUE,64k,TRUE,lz4,FALSE,0.6,4,64,3s,1,8,0.3,257281
WordCount,8,2,2g,4g,48m,FALSE,64k,TRUE,lz4,FALSE,0.6,2,128,3s,1,4,0.3,385162
WordCount,8,4,4g,1g,48m,TRUE,64k,TRUE,lz4,FALSE,0.6,4,16,3s,1,2,0.5,373355
WordCount,8,1,2g,8g,48m,FALSE,64k,TRUE,lz4,FALSE,0.6,2,256,3s,1,4,0.3,490591
WordCount,8,4,4g,8g,48m,TRUE,64k,TRUE,lz4,FALSE,0.6,1,64,3s,1,8,0.3,638330
WordCount,8,2,2g,1g,48m,FALSE,64k,TRUE,lz4,FALSE,0.6,2,128,3s,1,8,0.5,439099
WordCount,8,4,4g,2g,48m,FALSE,64k,TRUE,lz4,FALSE,0.6,1,256,3s,1,2,0.3,906342
WordCount,8,2,2g,1g,48m,FALSE,64k,TRUE,lz4,FALSE,0.6,2,128,3s,1,8,0.3,548392
WordCount,8,1,4g,4g,48m,TRUE,64k,TRUE,lz4,FALSE,0.6,1,16,3s,1,2,0.5,907950
WordCount,8,1,2g,8g,48m,TRUE,64k,TRUE,lz4,FALSE,0.6,2,256,3s,1,8,0.5,825226
WordCount,8,2,4g,2g,48m,FALSE,64k,TRUE,lz4,FALSE,0.6,4,64,3s,1,2,0.3,562380
WordCount,8,2,4g,4g,48m,TRUE,64k,TRUE,lz4,FALSE,0.6,2,128,3s,1,2,0.5,447252
WordCount,8,4,2g,8g,48m,TRUE,64k,TRUE,lz4,FALSE,0.6,2,256,3s,1,8,0.3,476581
WordCount,8,4,2g,4g,48m,TRUE,64k,TRUE,lz4,FALSE,0.6,1,128,3s,1,2,0.3,731657
WordCount,8,2,2g,1g,48m,TRUE,64k,TRUE,lz4,FALSE,0.6,2,128,3s,1,4,0.5,562733
WordCount,8,4,2g,2g,48m,TRUE,64k,TRUE,lz4,FALSE,0.6,2,256,3s,1,8,0.5,386000
WordCount,8,2,4g,8g,48m,FALSE,64k,TRUE,lz4,FALSE,0.6,1,64,3s,1,2,0.3,756146
WordCount,8,4,4g,4g,48m,FALSE,64k,TRUE,lz4,FALSE,0.6,1,16,3s,1,8,0.5,516897
WordCount,8,1,2g,2g,48m,TRUE,64k,TRUE,lz4,FALSE,0.6,2,256,3s,1,4,0.3,514411
WordCount,8,2,4g,1g,48m,TRUE,64k,TRUE,lz4,FALSE,0.6,4,128,3s,1,4,0.5,218491
WordCount,8,1,2g,8g,48m,FALSE,64k,TRUE,lz4,FALSE,0.6,4,64,3s,1,8,0.3,310326
WordCount,8,4,2g,4g,48m,FALSE,64k,TRUE,lz4,FALSE,0.6,4,16,3s,1,2,0.5,218931
WordCount,8,1,4g,2g,48m,TRUE,64k,TRUE,lz4,FALSE,0.6,2,256,3s,1,4,0.3,218730
WordCount,8,2,4g,4g,48m,TRUE,64k,TRUE,lz4,FALSE,0.6,1,128,3s,1,8,0.5,226999
WordCount,8,2,2g,2g,48m,FALSE,64k,TRUE,lz4,FALSE,0.6,4,64,3s,1,4,0.5,208382
WordCount,8,4,4g,8g,48m,TRUE,64k,TRUE,lz4,FALSE,0.6,2,256,3s,1,2,0.3,272946
WordCount,8,1,4g,1g,48m,FALSE,64k,TRUE,lz4,FALSE,0.6,1,16,3s,1,2,0.5,499094
WordCount,8,2,4g,8g,48m,TRUE,64k,TRUE,lz4,FALSE,0.6,4,64,3s,1,2,0.3,190476
WordCount,8,4,2g,4g,48m,TRUE,64k,TRUE,lz4,FALSE,0.6,1,16,3s,1,4,0.3,262854
WordCount,8,1,4g,1g,48m,FALSE,64k,TRUE,lz4,FALSE,0.6,2,128,3s,1,2,0.5,305355
WordCount,8,2,2g,8g,48m,TRUE,64k,TRUE,lz4,FALSE,0.6,1,64,3s,1,4,0.5,255226
WordCount,8,4,4g,2g,48m,FALSE,64k,TRUE,lz4,FALSE,0.6,4,256,3s,1,8,0.3,246267
WordCount,8,2,4g,4g,48m,FALSE,64k,TRUE,lz4,FALSE,0.6,2,128,3s,1,4,0.5,235816
WordCount,8,2,4g,2g,48m,TRUE,64k,TRUE,lz4,FALSE,0.6,1,64,3s,1,2,0.3,451231
WordCount,8,1,4g,8g,48m,FALSE,64k,TRUE,lz4,FALSE,0.6,1,256,3s,1,4,0.3,318428
WordCount,8,1,2g,2g,48m,TRUE,64k,TRUE,lz4,FALSE,0.6,4,128,3s,1,4,0.3,208110
WordCount,8,2,4g,8g,48m,FALSE,64k,TRUE,lz4,FALSE,0.6,1,16,3s,1,2,0.5,629062
WordCount,8,1,2g,1g,48m,TRUE,64k,TRUE,lz4,FALSE,0.6,2,256,3s,1,2,0.3,277944
WordCount,8,4,2g,2g,48m,TRUE,64k,TRUE,lz4,FALSE,0.6,1,128,3s,1,4,0.5,272224
WordCount,8,1,4g,4g,48m,FALSE,64k,TRUE,lz4,FALSE,0.6,1,64,3s,1,8,0.3,225563
WordCount,8,4,4g,4g,48m,TRUE,64k,TRUE,lz4,FALSE,0.6,2,256,3s,1,2,0.3,274402
WordCount,8,2,2g,4g,48m,TRUE,64k,TRUE,lz4,FALSE,0.6,2,256,3s,1,2,0.5,428078
WordCount,8,4,4g,1g,48m,FALSE,64k,TRUE,lz4,FALSE,0.6,4,64,3s,1,4,0.3,302734
WordCount,8,2,2g,1g,48m,FALSE,64k,TRUE,lz4,FALSE,0.6,1,256,3s,1,8,0.3,252715
WordCount,8,4,2g,2g,48m,FALSE,64k,TRUE,lz4,FALSE,0.6,2,128,3s,1,2,0.3,288352
WordCount,8,2,4g,8g,48m,TRUE,64k,TRUE,lz4,FALSE,0.6,1,16,3s,1,4,0.5,257216
WordCount,8,2,2g,1g,48m,FALSE,64k,TRUE,lz4,FALSE,0.6,2,256,3s,1,8,0.5,245117
WordCount,8,4,4g,4g,48m,TRUE,64k,TRUE,lz4,FALSE,0.6,1,64,3s,1,4,0.3,251608
WordCount,8,1,4g,2g,48m,FALSE,64k,TRUE,lz4,FALSE,0.6,2,128,3s,1,2,0.5,290989
WordCount,8,4,4g,2g,48m,TRUE,64k,TRUE,lz4,FALSE,0.6,4,16,3s,1,8,0.5,231254
WordCount,8,2,2g,4g,48m,FALSE,64k,TRUE,lz4,FALSE,0.6,4,256,3s,1,8,0.3,267770
WordCount,8,4,4g,8g,48m,FALSE,64k,TRUE,lz4,FALSE,0.6,2,128,3s,1,4,0.5,229145
WordCount,8,2,2g,4g,48m,FALSE,64k,TRUE,lz4,FALSE,0.6,2,256,3s,1,4,0.5,223763
WordCount,8,1,4g,1g,48m,TRUE,64k,TRUE,lz4,FALSE,0.6,4,64,3s,1,2,0.3,484729
WordCount,8,2,2g,2g,48m,TRUE,64k,TRUE,lz4,FALSE,0.6,1,16,3s,1,2,0.5,481185
WordCount,8,1,4g,4g,48m,FALSE,64k,TRUE,lz4,FALSE,0.6,2,256,3s,1,4,0.3,424931
WordCount,8,4,4g,8g,48m,FALSE,64k,TRUE,lz4,FALSE,0.6,2,128,3s,1,8,0.5,271620
WordCount,8,1,2g,1g,48m,TRUE,64k,TRUE,lz4,FALSE,0.6,1,64,3s,1,8,0.3,251491
WordCount,8,1,2g,4g,48m,TRUE,64k,TRUE,lz4,FALSE,0.6,1,64,3s,1,8,0.5,247107
WordCount,8,4,4g,1g,48m,FALSE,64k,TRUE,lz4,FALSE,0.6,2,256,3s,1,2,0.3,328349
WordCount,8,2,4g,8g,48m,TRUE,64k,TRUE,lz4,FALSE,0.6,4,16,3s,1,4,0.5,204707
WordCount,8,4,2g,4g,48m,TRUE,64k,TRUE,lz4,FALSE,0.6,4,64,3s,1,4,0.3,206363
WordCount,8,1,4g,2g,48m,FALSE,64k,TRUE,lz4,FALSE,0.6,2,128,3s,1,8,0.5,302632
WordCount,8,1,2g,1g,48m,FALSE,64k,TRUE,lz4,FALSE,0.6,4,64,3s,1,4,0.5,452513
WordCount,8,2,4g,4g,48m,TRUE,64k,TRUE,lz4,FALSE,0.6,2,256,3s,1,8,0.3,229201
WordCount,8,4,4g,1g,48m,FALSE,64k,TRUE,lz4,FALSE,0.6,1,64,3s,1,4,0.3,308090
WordCount,8,1,4g,8g,48m,TRUE,64k,TRUE,lz4,FALSE,0.6,1,128,3s,1,2,0.5,461777
WordCount,8,2,4g,1g,48m,TRUE,64k,TRUE,lz4,FALSE,0.6,2,256,3s,1,4,0.3,218271
WordCount,8,4,4g,2g,48m,TRUE,64k,TRUE,lz4,FALSE,0.6,2,128,3s,1,2,0.5,254870
WordCount,8,1,2g,4g,48m,FALSE,64k,TRUE,lz4,FALSE,0.6,4,64,3s,1,2,0.3,211299
WordCount,8,2,4g,2g,48m,FALSE,64k,TRUE,lz4,FALSE,0.6,1,128,3s,1,2,0.5,507511
WordCount,8,1,2g,4g,48m,TRUE,64k,TRUE,lz4,FALSE,0.6,1,64,3s,1,2,0.3,432669
WordCount,8,4,4g,8g,48m,TRUE,64k,TRUE,lz4,FALSE,0.6,2,16,3s,1,8,0.5,224083
WordCount,8,2,2g,4g,48m,TRUE,64k,TRUE,lz4,FALSE,0.6,4,64,3s,1,2,0.5,295685
WordCount,8,1,4g,1g,48m,FALSE,64k,TRUE,lz4,FALSE,0.6,1,256,3s,1,4,0.3,552056
WordCount,8,4,2g,1g,48m,TRUE,64k,TRUE,lz4,FALSE,0.6,2,64,3s,1,4,0.3,219966
WordCount,8,2,4g,8g,48m,FALSE,64k,TRUE,lz4,FALSE,0.6,4,128,3s,1,2,0.5,213451
WordCount,8,1,2g,1g,48m,TRUE,64k,TRUE,lz4,FALSE,0.6,1,64,3s,1,2,0.5,428221
WordCount,8,4,4g,4g,48m,FALSE,64k,TRUE,lz4,FALSE,0.6,4,256,3s,1,8,0.3,265474
WordCount,8,1,2g,2g,48m,TRUE,64k,TRUE,lz4,FALSE,0.6,2,16,3s,1,4,0.5,228299
WordCount,8,2,4g,4g,48m,FALSE,64k,TRUE,lz4,FALSE,0.6,2,64,3s,1,4,0.3,221971
WordCount,8,4,2g,8g,48m,FALSE,64k,TRUE,lz4,FALSE,0.6,4,16,3s,1,2,0.3,222509
WordCount,8,2,4g,2g,48m,TRUE,64k,TRUE,lz4,FALSE,0.6,1,128,3s,1,8,0.5,277645
WordCount,8,4,4g,1g,48m,TRUE,64k,TRUE,lz4,FALSE,0.6,1,256,3s,1,2,0.3,494602
WordCount,8,1,2g,2g,48m,FALSE,64k,TRUE,lz4,FALSE,0.6,1,16,3s,1,2,0.3,488919
WordCount,8,4,4g,8g,48m,TRUE,64k,TRUE,lz4,FALSE,0.6,4,128,3s,1,8,0.5,419359
WordCount,8,2,4g,1g,48m,FALSE,64k,TRUE,lz4,FALSE,0.6,2,64,3s,1,8,0.3,227257
WordCount,8,4,2g,2g,48m,FALSE,64k,TRUE,lz4,FALSE,0.6,2,16,3s,1,2,0.5,287332
WordCount,8,2,2g,1g,48m,FALSE,64k,TRUE,lz4,FALSE,0.6,2,64,3s,1,8,0.5,449256
WordCount,8,1,4g,4g,48m,TRUE,64k,TRUE,lz4,FALSE,0.6,4,256,3s,1,4,0.3,232525
WordCount,8,2,2g,8g,48m,TRUE,64k,TRUE,lz4,FALSE,0.6,1,128,3s,1,4,0.5,274670
WordCount,8,1,4g,1g,48m,FALSE,64k,TRUE,lz4,FALSE,0.6,2,64,3s,1,2,0.3,395537
WordCount,8,2,2g,8g,48m,TRUE,64k,TRUE,lz4,FALSE,0.6,4,128,3s,1,4,0.3,242711
WordCount,8,4,4g,2g,48m,FALSE,64k,TRUE,lz4,FALSE,0.6,1,16,3s,1,8,0.5,228816
WordCount,8,1,4g,4g,48m,TRUE,64k,TRUE,lz4,FALSE,0.6,1,256,3s,1,8,0.3,341945
WordCount,8,4,4g,4g,48m,FALSE,64k,TRUE,lz4,FALSE,0.6,2,64,3s,1,4,0.3,309778
WordCount,8,2,2g,2g,48m,TRUE,64k,TRUE,lz4,FALSE,0.6,4,128,3s,1,2,0.5,201919
WordCount,8,4,2g,1g,48m,TRUE,64k,TRUE,lz4,FALSE,0.6,4,256,3s,1,8,0.3,260203
WordCount,8,2,2g,2g,48m,TRUE,64k,TRUE,lz4,FALSE,0.6,1,128,3s,1,2,0.3,451432
WordCount,8,1,4g,8g,48m,FALSE,64k,TRUE,lz4,FALSE,0.6,4,16,3s,1,4,0.5,230043
WordCount,8,1,2g,4g,48m,FALSE,64k,TRUE,lz4,FALSE,0.6,4,256,3s,1,2,0.5,240967
WordCount,8,2,4g,1g,48m,TRUE,64k,TRUE,lz4,FALSE,0.6,1,64,3s,1,4,0.3,275898
WordCount,8,2,2g,8g,48m,FALSE,64k,TRUE,lz4,FALSE,0.6,1,128,3s,1,8,0.5,244225
WordCount,8,4,2g,4g,48m,FALSE,64k,TRUE,lz4,FALSE,0.6,1,256,3s,1,2,0.3,665721
WordCount,8,1,4g,2g,48m,TRUE,64k,TRUE,lz4,FALSE,0.6,2,16,3s,1,4,0.5,273184
WordCount,8,2,4g,2g,48m,FALSE,64k,TRUE,lz4,FALSE,0.6,4,128,3s,1,4,0.5,279231
WordCount,8,4,2g,1g,48m,FALSE,64k,TRUE,lz4,FALSE,0.6,1,256,3s,1,4,0.5,353842
WordCount,8,2,4g,4g,48m,TRUE,64k,TRUE,lz4,FALSE,0.6,4,64,3s,1,8,0.3,249507
WordCount,8,1,2g,2g,48m,FALSE,64k,TRUE,lz4,FALSE,0.6,1,128,3s,1,4,0.3,340716
WordCount,8,4,4g,8g,48m,TRUE,64k,TRUE,lz4,FALSE,0.6,2,16,3s,1,2,0.5,287467
WordCount,8,1,2g,1g,48m,FALSE,64k,TRUE,lz4,FALSE,0.6,4,256,3s,1,2,0.3,273056
WordCount,8,4,2g,2g,48m,FALSE,64k,TRUE,lz4,FALSE,0.6,2,64,3s,1,2,0.5,282194
WordCount,8,1,4g,8g,48m,TRUE,64k,TRUE,lz4,FALSE,0.6,4,256,3s,1,4,0.3,210518
WordCount,8,4,4g,4g,48m,TRUE,64k,TRUE,lz4,FALSE,0.6,4,128,3s,1,4,0.5,206482
WordCount,8,1,2g,2g,48m,FALSE,64k,TRUE,lz4,FALSE,0.6,2,64,3s,1,2,0.3,283536
WordCount,8,1,2g,8g,48m,FALSE,64k,TRUE,lz4,FALSE,0.6,2,64,3s,1,4,0.5,218384
WordCount,8,2,1g,2g,48m,TRUE,64k,TRUE,lz4,FALSE,0.6,1,64,3s,1,8,0.5,LONG_VALUE
WordCount,8,1,1g,8g,48m,TRUE,64k,TRUE,lz4,FALSE,0.6,4,64,3s,1,4,0.5,LONG_VALUE
WordCount,8,1,4g,1g,48m,FALSE,64k,TRUE,lz4,FALSE,0.6,4,16,3s,1,4,0.5,LONG_VALUE
WordCount,8,1,1g,1g,48m,TRUE,64k,TRUE,lz4,FALSE,0.6,4,128,3s,1,4,0.3,LONG_VALUE
WordCount,8,2,1g,8g,48m,FALSE,64k,TRUE,lz4,FALSE,0.6,4,64,3s,1,2,0.5,LONG_VALUE
WordCount,8,4,1g,2g,48m,TRUE,64k,TRUE,lz4,FALSE,0.6,2,256,3s,1,4,0.5,LONG_VALUE
WordCount,8,4,1g,1g,48m,FALSE,64k,TRUE,lz4,FALSE,0.6,4,16,3s,1,4,0.3,LONG_VALUE
WordCount,8,4,1g,1g,48m,FALSE,64k,TRUE,lz4,FALSE,0.6,2,128,3s,1,2,0.3,LONG_VALUE
WordCount,8,4,1g,4g,48m,FALSE,64k,TRUE,lz4,FALSE,0.6,4,64,3s,1,8,0.5,LONG_VALUE
WordCount,8,1,1g,1g,48m,FALSE,64k,TRUE,lz4,FALSE,0.6,1,64,3s,1,8,0.5,LONG_VALUE
WordCount,8,1,1g,8g,48m,FALSE,64k,TRUE,lz4,FALSE,0.6,2,128,3s,1,4,0.3,LONG_VALUE
WordCount,8,4,1g,1g,48m,TRUE,64k,TRUE,lz4,FALSE,0.6,1,64,3s,1,2,0.5,LONG_VALUE
WordCount,8,2,1g,4g,48m,FALSE,64k,TRUE,lz4,FALSE,0.6,4,256,3s,1,4,0.5,LONG_VALUE
WordCount,8,2,1g,1g,48m,TRUE,64k,TRUE,lz4,FALSE,0.6,2,256,3s,1,4,0.5,LONG_VALUE
WordCount,8,2,1g,2g,48m,FALSE,64k,TRUE,lz4,FALSE,0.6,4,128,3s,1,4,0.3,LONG_VALUE
WordCount,8,1,1g,4g,48m,FALSE,64k,TRUE,lz4,FALSE,0.6,1,256,3s,1,8,0.5,LONG_VALUE
WordCount,8,2,1g,8g,48m,FALSE,64k,TRUE,lz4,FALSE,0.6,1,128,3s,1,2,0.3,LONG_VALUE
WordCount,8,1,1g,1g,48m,TRUE,64k,TRUE,lz4,FALSE,0.6,4,256,3s,1,2,0.5,LONG_VALUE
WordCount,8,4,1g,2g,48m,TRUE,64k,TRUE,lz4,FALSE,0.6,4,128,3s,1,8,0.3,LONG_VALUE
WordCount,8,4,1g,4g,48m,TRUE,64k,TRUE,lz4,FALSE,0.6,1,256,3s,1,4,0.5,LONG_VALUE
WordCount,8,4,1g,4g,48m,TRUE,64k,TRUE,lz4,FALSE,0.6,4,256,3s,1,4,0.5,LONG_VALUE
WordCount,8,1,1g,1g,48m,TRUE,64k,TRUE,lz4,FALSE,0.6,1,256,3s,1,8,0.5,LONG_VALUE
WordCount,8,2,1g,1g,48m,TRUE,64k,TRUE,lz4,FALSE,0.6,4,64,3s,1,8,0.5,LONG_VALUE
WordCount,8,1,1g,8g,48m,TRUE,64k,TRUE,lz4,FALSE,0.6,2,16,3s,1,2,0.3,LONG_VALUE
WordCount,8,2,1g,4g,48m,TRUE,64k,TRUE,lz4,FALSE,0.6,2,64,3s,1,8,0.5,LONG_VALUE
WordCount,8,2,1g,8g,48m,TRUE,64k,TRUE,lz4,FALSE,0.6,1,256,3s,1,4,0.5,LONG_VALUE
WordCount,8,4,1g,8g,48m,FALSE,64k,TRUE,lz4,FALSE,0.6,1,256,3s,1,2,0.5,LONG_VALUE
WordCount,8,1,1g,2g,48m,FALSE,64k,TRUE,lz4,FALSE,0.6,4,256,3s,1,2,0.5,LONG_VALUE
WordCount,8,4,1g,4g,48m,TRUE,64k,TRUE,lz4,FALSE,0.6,4,16,3s,1,4,0.3,LONG_VALUE
WordCount,8,2,1g,2g,48m,FALSE,64k,TRUE,lz4,FALSE,0.6,1,64,3s,1,4,0.5,LONG_VALUE
WordCount,8,2,1g,8g,48m,FALSE,64k,TRUE,lz4,FALSE,0.6,4,64,3s,1,2,0.5,LONG_VALUE
WordCount,8,1,1g,4g,48m,FALSE,64k,TRUE,lz4,FALSE,0.6,1,16,3s,1,2,0.3,LONG_VALUE
WordCount,8,2,1g,1g,48m,TRUE,64k,TRUE,lz4,FALSE,0.6,1,128,3s,1,8,0.3,LONG_VALUE
WordCount,8,1,1g,8g,48m,TRUE,64k,TRUE,lz4,FALSE,0.6,2,256,3s,1,2,0.5,LONG_VALUE
WordCount,8,2,1g,4g,48m,TRUE,64k,TRUE,lz4,FALSE,0.6,2,128,3s,1,8,0.3,LONG_VALUE
WordCount,8,1,1g,2g,48m,FALSE,64k,TRUE,lz4,FALSE,0.6,2,256,3s,1,8,0.5,LONG_VALUE
WordCount,8,4,1g,8g,48m,FALSE,64k,TRUE,lz4,FALSE,0.6,4,256,3s,1,4,0.5,LONG_VALUE
WordCount,8,1,1g,4g,48m,FALSE,64k,TRUE,lz4,FALSE,0.6,2,128,3s,1,2,0.3,LONG_VALUE
WordCount,8,2,1g,2g,48m,TRUE,64k,TRUE,lz4,FALSE,0.6,4,64,3s,1,2,0.5,LONG_VALUE
WordCount,8,2,1g,8g,48m,FALSE,64k,TRUE,lz4,FALSE,0.6,4,16,3s,1,2,0.3,LONG_VALUE
WordCount,8,2,1g,1g,48m,TRUE,64k,TRUE,lz4,FALSE,0.6,2,256,3s,1,4,0.5,LONG_VALUE
WordCount,8,2,1g,2g,48m,FALSE,64k,TRUE,lz4,FALSE,0.6,1,16,3s,1,2,0.3,LONG_VALUE
WordCount,8,1,1g,4g,48m,TRUE,64k,TRUE,lz4,FALSE,0.6,4,64,3s,1,2,0.5,LONG_VALUE
WordCount,8,4,1g,8g,48m,TRUE,64k,TRUE,lz4,FALSE,0.6,4,16,3s,1,4,0.3,LONG_VALUE
WordCount,8,1,1g,8g,48m,FALSE,64k,TRUE,lz4,FALSE,0.6,2,128,3s,1,4,0.3,LONG_VALUE
WordCount,8,2,1g,2g,48m,TRUE,64k,TRUE,lz4,FALSE,0.6,4,16,3s,1,2,0.3,LONG_VALUE
WordCount,8,4,1g,2g,48m,FALSE,64k,TRUE,lz4,FALSE,0.6,2,128,3s,1,8,0.3,LONG_VALUE
WordCount,8,2,1g,1g,48m,FALSE,64k,TRUE,lz4,FALSE,0.6,1,256,3s,1,2,0.5,LONG_VALUE
WordCount,8,2,1g,8g,48m,TRUE,64k,TRUE,lz4,FALSE,0.6,1,16,3s,1,2,0.3,LONG_VALUE
WordCount,8,4,1g,8g,48m,TRUE,64k,TRUE,lz4,FALSE,0.6,4,128,3s,1,2,0.3,LONG_VALUE
WordCount,8,2,1g,4g,48m,TRUE,64k,TRUE,lz4,FALSE,0.6,2,256,3s,1,8,0.5,LONG_VALUE
WordCount,8,1,1g,2g,48m,TRUE,64k,TRUE,lz4,FALSE,0.6,1,128,3s,1,4,0.3,LONG_VALUE
WordCount,8,4,1g,4g,48m,FALSE,64k,TRUE,lz4,FALSE,0.6,1,64,3s,1,2,0.5,LONG_VALUE
WordCount,8,4,1g,1g,48m,FALSE,64k,TRUE,lz4,FALSE,0.6,4,256,3s,1,4,0.5,LONG_VALUE
WordCount,8,2,1g,4g,48m,FALSE,64k,TRUE,lz4,FALSE,0.6,2,64,3s,1,8,0.5,LONG_VALUE
WordCount,8,1,1g,8g,48m,TRUE,64k,TRUE,lz4,FALSE,0.6,1,128,3s,1,4,0.3,LONG_VALUE
WordCount,8,4,1g,1g,48m,FALSE,64k,TRUE,lz4,FALSE,0.6,2,64,3s,1,2,0.5,LONG_VALUE
WordCount,8,2,1g,4g,48m,FALSE,64k,TRUE,lz4,FALSE,0.6,2,64,3s,1,2,0.5,LONG_VALUE
WordCount,8,4,1g,8g,48m,FALSE,64k,TRUE,lz4,FALSE,0.6,4,128,3s,1,8,0.3,LONG_VALUE
WordCount,8,1,1g,4g,48m,TRUE,64k,TRUE,lz4,FALSE,0.6,1,128,3s,1,2,0.3,LONG_VALUE
WordCount,8,2,1g,1g,48m,FALSE,64k,TRUE,lz4,FALSE,0.6,2,16,3s,1,8,0.3,LONG_VALUE
